loggingTime(txt),loggingSample(N),motionTimestamp_sinceReboot(s),motionYaw(rad),motionRoll(rad),motionPitch(rad),motionRotationRateX(rad/s),motionRotationRateY(rad/s),motionRotationRateZ(rad/s),motionUserAccelerationX(G),motionUserAccelerationY(G),motionUserAccelerationZ(G),motionAttitudeReferenceFrame(txt),motionQuaternionX(R),motionQuaternionY(R),motionQuaternionZ(R),motionQuaternionW(R),motionGravityX(G),motionGravityY(G),motionGravityZ(G),motionMagneticFieldX(µT),motionMagneticFieldY(µT),motionMagneticFieldZ(µT),motionHeading(°),motionMagneticFieldCalibrationAccuracy(Z),SampleIndex
2025-11-20T22:18:38.064+01:00,4163,630480.329250375,0.4221245393596842,-0.0305438878147667,0.0076870762539293,-0.4639303684234619,0.0580629333853721,-0.0285430736839771,0.5685738921165466,-0.2760098278522491,-0.0646318197250366,XArbitraryCorrectedZVertical,-0.0069571025600267,0.0141272314613477,-0.209415337315137,-0.9777000061476352,0.9286794662475586,-0.370764434337616,-0.0093886256217956,45.44232177734375,-23.57875061035156,9.282485961914062,-1,2,2294
2025-11-20T22:18:38.099+01:00,4164,630480.364166375,0.4133652322756732,-0.0280759536854853,-0.0102221962503851,-0.6520106792449951,0.0012025679461658,-0.4641622304916382,-0.4864760637283325,0.2937449812889099,0.1147263646125793,XArbitraryCorrectedZVertical,0.0021211438432709,0.0147873383016435,-0.2052615637839929,-0.978593194262908,0.931727647781372,-0.3628978133201599,-0.0137437721714377,45.92413330078125,-23.36727905273438,9.118759155273438,-1,2,2295
2025-11-20T22:18:38.134+01:00,4165,630480.399081875,0.3987903485432309,-0.0284349798692105,-0.0317970361008862,-0.4746690094470978,0.0915284678339958,-0.1678357869386673,-0.9479590654373168,0.5220164060592651,0.249969482421875,XArbitraryCorrectedZVertical,0.0127655821703124,0.0170822345624152,-0.1982530205002672,-0.9799188461066936,0.9366979598999025,-0.3494699895381927,-0.0216217432171106,46.84649658203125,-22.594970703125,8.730300903320312,-1,2,2296
2025-11-20T22:18:38.171+01:00,4166,630480.4339978751,0.3993278039590821,-0.0243736898124896,-0.0461120203288032,-0.4462729096412659,0.0207291170954704,0.1992966383695602,-0.8352258801460266,0.2769804894924164,0.2756298780441284,XArbitraryCorrectedZVertical,0.0201778480802623,0.0165134456312794,-0.1985478553626567,-0.9797442721914292,0.9364677667617798,-0.3500089943408966,-0.0228375531733036,47.2677001953125,-22.62628173828125,8.27349853515625,-1,2,2297
2025-11-20T22:18:38.211+01:00,4167,630480.4689148751,0.4072091929404156,-0.0324968890702237,-0.0659121053145642,-0.7344635128974915,-0.5126474499702454,0.1514434814453125,-0.7415769696235657,0.2031519711017609,0.2400047183036804,XArbitraryCorrectedZVertical,0.0289816952141457,0.0225651334283659,-0.2025886217253067,-0.9785747845385244,0.9332271814346312,-0.3572961390018463,-0.0377647876739502,47.16363525390625,-22.82577514648438,7.721542358398438,-1,2,2298
2025-11-20T22:18:38.238+01:00,4168,630480.503830875,0.4076841620675279,-0.047965798035764,-0.0952841467510048,-0.8969306945800781,-0.1761210411787033,-0.003722830209881,-1.024813652038574,0.403447151184082,0.1472102999687195,XArbitraryCorrectedZVertical,0.0417756671618936,0.0330953803045213,-0.2032639005507115,-0.9776724547073976,0.931857168674469,-0.3573655784130096,-0.0627071782946586,46.91070556640625,-22.35842895507812,6.385910034179688,-1,2,2299
2025-11-20T22:18:38.274+01:00,4169,630480.538747875,0.4102092764326754,-0.0307707763518055,-0.1343707766175652,-1.218498706817627,1.10187554359436,0.0755634754896163,0.3888895511627197,-0.4529951810836792,-0.3156182765960693,XArbitraryCorrectedZVertical,0.0625935645611625,0.0287000401028782,-0.2041972631218778,-0.9765049146317007,0.9314534068107604,-0.3587265610694885,-0.0609076023101806,46.24420166015625,-22.00347900390625,5.993423461914062,-1,2,2300
2025-11-20T22:18:38.308+01:00,4170,630480.573663875,0.4027958096513037,-0.0216795997896262,-0.1507490052967898,-0.104756660759449,0.3116275668144226,0.263870894908905,0.8967326879501343,-0.1895442605018616,-0.1822087168693542,XArbitraryCorrectedZVertical,0.0716145911380119,0.0256530324093765,-0.2002592230864208,-0.9767853893847986,0.9345052242279052,-0.3513035178184509,-0.0573237724602222,46.09490966796875,-21.81285095214844,6.154205322265625,-1,2,2301
2025-11-20T22:18:38.343+01:00,4171,630480.6085808751,0.4329194250570048,0.0089056935043354,-0.1507804987311173,0.3656165599822998,0.7894483804702759,0.0157043915241956,0.9692826867103576,-1.026088714599609,0.1276112794876099,XArbitraryCorrectedZVertical,0.0745141120669306,0.0118397519703435,-0.2138335650515175,-0.9739520788562008,0.9248059988021852,-0.3790016174316406,-0.0330373048782348,44.8878173828125,-22.93658447265625,7.62957763671875,-1,2,2302
2025-11-20T22:18:38.378+01:00,4172,630480.6434968751,0.4149490298469357,0.0230938970416352,-0.142128466313949,0.1871469765901566,0.3873406648635864,-0.3183254301548004,1.169741272926331,-0.9939726591110228,0.4120054841041565,XArbitraryCorrectedZVertical,0.0718495469054127,0.0033546267383994,-0.204653327603682,-0.9761882527140088,0.9317449927330016,-0.3628388345241547,-0.0141173610463738,44.85589599609375,-22.36209106445312,8.940155029296875,-1,2,2303
2025-11-20T22:18:38.413+01:00,4173,630480.678413875,0.4137861857997658,0.037136643137378,-0.1285885610347121,0.4780408442020416,0.4128129780292511,0.1923115700483322,0.3570677638053894,-0.1065513491630554,0.1230708360671997,XArbitraryCorrectedZVertical,0.0666751561979442,-0.0049377683213537,-0.2037929642213465,-0.9767284936248068,0.9320862889289856,-0.3622138798236847,0.0040348572656512,44.827392578125,-21.83709716796875,10.21873474121094,-1,2,2304
2025-11-20T22:18:38.453+01:00,4174,630480.713329875,0.4165704136443841,0.0426210847721159,-0.1177088725137718,0.2182055115699768,-0.1604446768760681,0.0042056497186422,-0.4507025480270386,0.5062891244888306,0.2084836959838867,XArbitraryCorrectedZVertical,0.0619347922053939,-0.0086520013323328,-0.2051512648055534,-0.9767303453283126,0.9308812618255616,-0.3650994896888733,0.0127381701022386,44.7850341796875,-22.22637939453125,11.41929626464844,-1,2,2305
2025-11-20T22:18:38.483+01:00,4175,630480.748246875,0.4133977622358427,0.0305200411097,-0.1068851198734773,0.2956003844738007,-0.4045281112194061,-0.1590857803821564,-0.9225776195526124,0.4316003918647766,0.0588767528533935,XArbitraryCorrectedZVertical,0.055401206606238,-0.0039517615488317,-0.2041155279621047,-0.9773699672893852,0.9319922924041748,-0.3624322712421417,0.0057747000828385,44.81982421875,-21.68637084960938,11.71818542480469,-1,2,2306
2025-11-20T22:18:38.518+01:00,4176,630480.783162875,0.4134704215741487,0.0175788223102983,-0.0983032630313068,0.2620862424373627,-0.3415752947330475,0.2536200284957886,-0.7865222096443176,0.4569496512413025,-0.0419830679893493,XArbitraryCorrectedZVertical,0.0498857455050295,0.0014929403130139,-0.2045872600635538,-0.9775752499646906,0.9319080710411072,-0.3626808524131775,-0.0031829881481826,44.718017578125,-21.1719970703125,11.71119689941406,-1,2,2307
2025-11-20T22:18:38.553+01:00,4177,630480.8180798751,0.4256318118402033,0.0093420641905407,-0.0870546614319781,0.3856579661369324,-0.2229706048965454,0.3308217525482178,-0.856249213218689,0.3340693712234497,-0.0773107409477233,XArbitraryCorrectedZVertical,0.0435171036138265,0.0046292272694158,-0.2108120904630738,-0.9765465113721462,0.9273397922515868,-0.3741388916969299,-0.0078028389252722,43.67950439453125,-21.77798461914062,11.65147399902344,-1,2,2308
2025-11-20T22:18:38.588+01:00,4178,630480.8529958751,0.4327061232311554,-0.0024297603086039,-0.073040774312706,0.4158283174037933,-0.4787632822990417,0.1410518288612366,-0.8494367599487305,0.3803314864635468,-0.0390178561210632,XArbitraryCorrectedZVertical,0.0354004026695421,0.0090238174134705,-0.2145691642761272,-0.9760253504314456,0.924525260925293,-0.3808655142784119,-0.013945429585874,43.2802734375,-21.71441650390625,11.73234558105469,-1,2,2309
2025-11-20T22:18:38.623+01:00,4179,630480.887912875,0.4425333567183511,-0.0175326197015426,-0.05769015257527,0.4711019992828369,-0.2045658081769943,0.536404013633728,-0.6592869162559509,0.3351360857486725,-0.1684021949768066,XArbitraryCorrectedZVertical,0.026213777090434,0.0148783012962933,-0.2196125220322015,-0.9751214962003926,0.9205173850059508,-0.3900524377822876,-0.0225157681852579,42.2615966796875,-22.51739501953125,11.29119873046875,-1,2,2310
2025-11-20T22:18:38.657+01:00,4180,630480.922828875,0.4630016481814164,-0.0174135506235633,-0.0161757372537559,0.7913346886634827,0.2709549069404602,0.164744958281517,0.5870518684387207,-0.4718425869941711,-0.3765125870704651,XArbitraryCorrectedZVertical,0.0058741459688358,0.0103296994285228,-0.2294908959676136,-0.9732383193046926,0.9126276969909668,-0.4087421000003815,-0.0063761840574443,41.27838134765625,-22.86355590820312,11.88259887695312,-1,2,2311
2025-11-20T22:18:38.693+01:00,4181,630480.957745875,0.4563327102244061,-0.0387990265444691,0.0275264924275558,0.7280858159065247,-0.4725624024868011,0.1328558921813965,1.007394552230835,-0.2281310260295868,-0.3286164999008179,XArbitraryCorrectedZVertical,-0.0177909151031795,0.0157813079289901,-0.2258677465158475,-0.9738676482725724,0.9156705141067504,-0.4018432796001434,-0.0083281062543392,40.708251953125,-22.51872253417969,12.3173828125,-1,2,2312
2025-11-20T22:18:38.732+01:00,4182,630480.9926618751,0.4483177234616097,-0.0431308865287836,0.0589163570628576,0.9813371896743774,-0.2272271662950516,-0.9167436361312866,1.003721594810486,-0.2365188598632812,-0.3366666436195374,XArbitraryCorrectedZVertical,-0.0335015947632228,0.0144694738296316,-0.2215189767167609,-0.9744730818499304,0.9193437099456788,-0.3934555351734161,-0.0002779199858196,40.4737548828125,-22.09567260742188,12.84837341308594,-1,2,2313
2025-11-20T22:18:38.762+01:00,4183,630481.0275788751,0.4255603387051118,-0.0547278779582242,0.0808811061269472,0.3151358067989349,-0.2826643586158752,-0.1866766810417175,1.010185837745667,-0.2912344038486481,-0.1334918141365051,XArbitraryCorrectedZVertical,-0.04527617220657,0.0181869739688339,-0.2098452921684091,-0.9765164362212442,0.9283974766731262,-0.371561586856842,-0.004493455402553,40.455078125,-20.22935485839844,13.19573974609375,-1,2,2314
2025-11-20T22:18:38.797+01:00,4184,630481.062494875,0.4180595068382737,-0.0606606967865382,0.0946491546207047,0.3430542945861816,-0.2374247312545776,-0.4441565573215485,-0.1641414165496826,0.0531177818775177,-0.0056883692741394,XArbitraryCorrectedZVertical,-0.0525417516721057,0.0198201925585799,-0.2057798150612778,-0.9769857996249328,0.93139910697937,-0.3639545440673828,-0.0057252841070294,40.101806640625,-19.67001342773438,13.57771301269531,-1,2,2315
2025-11-20T22:18:38.832+01:00,4185,630481.097411875,0.3997346514644666,-0.0724738988834673,0.1015461633064056,0.0919275432825088,-0.4366976022720337,-0.4526791274547577,-0.8093668222427368,0.5698777437210083,0.2198299169540405,XArbitraryCorrectedZVertical,-0.0568919243109551,0.0253925410785736,-0.1963512184314871,-0.9785523142366608,0.9378761649131776,-0.3465805649757385,-0.0164302550256252,40.08148193359375,-18.9326171875,13.44635009765625,-1,2,2316
2025-11-20T22:18:38.867+01:00,4186,630481.132327875,0.3928253741566525,-0.0795456216029209,0.1052347129097065,0.0530672147870063,-0.0302188079804182,0.0790693685412406,-0.9033836722373962,0.3343139588832855,0.2345555424690247,XArbitraryCorrectedZVertical,-0.0592900386448578,0.0286882998015614,-0.1926770141395639,-0.9790492697375052,0.9401727318763732,-0.3399444222450256,-0.0226567424833774,39.5089111328125,-18.25834655761719,12.93603515625,-1,2,2317
2025-11-20T22:18:38.902+01:00,4187,630481.167244875,0.4044115032704441,-0.0835363564142527,0.1034358164057949,-0.0596896782517433,-0.2214881330728531,0.4253304898738861,-0.7198099493980408,0.3064173758029938,0.2180838584899902,XArbitraryCorrectedZVertical,-0.0589721305920614,0.0304777468181691,-0.198272578529326,-0.9778964575180384,0.9360880851745604,-0.3508356809616089,-0.0255637727677822,38.66070556640625,-18.8690185546875,12.66217041015625,-1,2,2318
2025-11-20T22:18:38.937+01:00,4188,630481.2021608751,0.4129988088055089,-0.0976516418893744,0.0987473847746804,-0.1448532491922379,-0.4275888204574585,0.1460337787866592,-0.8466567993164062,0.376724898815155,0.2125886678695679,XArbitraryCorrectedZVertical,-0.0582423617854146,0.0376041411141932,-0.2021834317401584,-0.9768907577958488,0.9324873685836792,-0.3590551316738129,-0.0393251627683639,38.08123779296875,-19.43896484375,12.35551452636719,-1,2,2319
2025-11-20T22:18:38.972+01:00,4189,630481.237076875,0.4176310229383411,-0.1062530467025722,0.0912831908657943,-0.3838791251182556,0.1006036847829819,0.261331170797348,-0.8472155332565308,0.4274013340473175,0.1925220489501953,XArbitraryCorrectedZVertical,-0.0555682031266249,0.0424489868754729,-0.204423051893563,-0.9763818972829408,0.9301929473876952,-0.363726407289505,-0.0494404546916484,37.435302734375,-20.23277282714844,11.73670959472656,-1,2,2320
2025-11-20T22:18:39.011+01:00,4190,630481.271993875,0.4254034724271962,-0.0864250693420423,0.0695778251294089,-0.3103370666503906,0.1307069659233093,-0.2922029495239258,1.086447715759277,-0.7592027187347412,-0.1980899572372437,XArbitraryCorrectedZVertical,-0.0430801915686032,0.0348643522206793,-0.2093081481979847,-0.976277995671202,0.9274834990501404,-0.3719160556793213,-0.0381160899996757,36.96087646484375,-21.94436645507812,11.12980651855469,-1,2,2321
2025-11-20T22:18:39.042+01:00,4191,630481.306910875,0.4228349463420201,-0.087162400546671,0.0712363043443,-0.0853795409202575,0.48811274766922,1.051075220108032,0.9692877531051636,0.1789933145046234,0.1947030425071716,XArbitraryCorrectedZVertical,-0.04392131774134,0.0351046832366577,-0.2079968770094916,-0.9765121310232892,0.9284478425979614,-0.3694687485694885,-0.038437832146883,36.9237060546875,-22.23043823242188,11.2171630859375,-1,2,2322
2025-11-20T22:18:39.076+01:00,4192,630481.341826875,0.4401237303884955,-0.071268340413814,0.0740671402780738,0.2308824062347412,-0.1138816699385643,-0.3530255556106567,1.160285234451294,-0.1710095703601837,0.1435903310775757,XArbitraryCorrectedZVertical,-0.0438808708142224,0.0266665372237765,-0.216714565562059,-0.9748837020847736,0.9225546717643738,-0.3852953314781189,-0.0209860075265169,36.315673828125,-23.48847961425781,11.92308044433594,-1,2,2323
2025-11-20T22:18:39.111+01:00,4193,630481.3767438751,0.4394844060510272,-0.0738989240393375,0.0754153288488617,0.1695831567049026,-0.0355512760579586,0.2826370596885681,0.9189881086349488,-0.3641017079353333,0.1362386345863342,XArbitraryCorrectedZVertical,-0.044813715438062,0.027815244415729,-0.2163152647314143,-0.9748978091498198,0.9227781295776368,-0.3846469521522522,-0.0229574367403984,35.882568359375,-23.56233215332031,11.89225769042969,-1,2,2324
2025-11-20T22:18:39.146+01:00,4194,630481.4116600417,0.4447274402403064,-0.0779784467960023,0.0841405330148482,0.1630771458148956,-0.2398493438959122,-0.1063114181160927,-0.0671289563179016,-0.1374097168445587,0.157747209072113,XArbitraryCorrectedZVertical,-0.049579898418954,0.0287177773082666,-0.2185741292559812,-0.9741368673692584,0.9209346175193788,-0.3890490531921387,-0.0228138025850057,35.39703369140625,-23.81906127929688,12.048828125,-1,2,2325
2025-11-20T22:18:39.181+01:00,4195,630481.4465770418,0.4344756871270494,-0.0935636121907089,0.0852297788143279,-0.0305385831743478,-0.6028104424476624,-0.4766817986965179,-0.8167620897293091,0.4824228286743164,0.0791881680488586,XArbitraryCorrectedZVertical,-0.0516253809993059,0.0364520508043937,-0.2131564766955967,-0.9749720901249188,0.9243824481964112,-0.3795786201953888,-0.0379132069647312,35.68560791015625,-23.75836181640625,12.11367797851562,-1,2,2326
2025-11-20T22:18:39.216+01:00,4196,630481.4814930417,0.4170281707084004,-0.1091759835243242,0.0844144171204508,-0.1757670640945435,-0.3332309424877167,-0.3215531408786774,-1.007577419281006,0.3845866024494171,0.0524717569351196,XArbitraryCorrectedZVertical,-0.0525036244658237,0.0446099761101349,-0.2042616476928908,-0.9764889094402912,0.9299864768981934,-0.3634989261627197,-0.0547148734331131,36.41864013671875,-23.51983642578125,11.22978210449219,-1,2,2327
2025-11-20T22:18:39.251+01:00,4197,630481.5164100417,0.4189892116023697,-0.1166677023916212,0.0806634663957082,0.063321441411972,-0.1138423532247543,0.3777002096176147,-0.786100447177887,0.4683804214000702,-0.0609587430953979,XArbitraryCorrectedZVertical,-0.0514868431248862,0.048608643839734,-0.2051436769338071,-0.9761671771127772,0.9286937713623048,-0.3654903769493103,-0.0628053471446037,36.11029052734375,-23.71023559570312,10.91445922851562,-1,2,2328
2025-11-20T22:18:39.291+01:00,4198,630481.5513260417,0.4315083440831635,-0.1220474189103546,0.0838368334330618,0.1303450614213943,-0.202818289399147,0.1942896693944931,-0.872565746307373,0.3430227041244507,0.0074211955070495,XArbitraryCorrectedZVertical,-0.0539029938073951,0.0505648239391919,-0.2110015378226739,-0.9746876961284114,0.9239572882652284,-0.3769124448299408,-0.0651147663593292,35.9752197265625,-24.62693786621094,10.86801147460938,-1,2,2329
2025-11-20T22:18:39.321+01:00,4199,630481.5862430417,0.4326636830315417,-0.1315101927138454,0.0868302861797639,0.0847560912370681,-0.2361317574977875,-0.0753931999206543,-0.9462330341339112,0.3930754959583282,-0.1411426067352295,XArbitraryCorrectedZVertical,-0.0563890370661218,0.0548197618572337,-0.2111973771048445,-0.9742744634958096,0.923024356365204,-0.3778319358825684,-0.072587251663208,36.33514404296875,-24.79222106933594,10.54682922363281,-1,2,2330
2025-11-20T22:18:39.356+01:00,4200,630481.6211590416,0.4409374626636546,-0.1130988797394585,0.0888760061508887,0.5578669309616089,1.353091955184937,0.2541911005973816,0.2100793719291687,-0.2359396815299988,-0.4956267476081848,XArbitraryCorrectedZVertical,-0.055626652602782,0.0453975231449092,-0.2156718977250777,-0.9738226441939452,0.9212073683738708,-0.3853371739387512,-0.0537812486290931,36.5191650390625,-25.41305541992188,10.68917846679688,-1,2,2331
2025-11-20T22:18:39.391+01:00,4201,630481.6560760417,0.4312409017247883,-0.1102627308459634,0.1173755632960357,0.182507336139679,-0.3138491809368134,0.0902844294905662,0.8637709617614746,-0.1411716639995575,-0.1752839088439941,XArbitraryCorrectedZVertical,-0.0689781180429331,0.0412045992826928,-0.210103484786511,-0.9743720051963796,0.9261459708213806,-0.3748500347137451,-0.0417266301810741,37.01129150390625,-24.99786376953125,11.37187194824219,-1,2,2332
2025-11-20T22:18:39.426+01:00,4202,630481.6909920417,0.4423849470104377,-0.1064921320504961,0.1211556255951152,0.2708231806755066,0.2896473109722137,-0.6014403104782104,1.000196933746338,-0.7492344975471497,-0.4931252002716064,XArbitraryCorrectedZVertical,-0.0706369569490634,0.0385656100833946,-0.2155368609489023,-0.973173740646783,0.9223189353942872,-0.3848292231559753,-0.0351341255009174,37.43402099609375,-24.72750854492188,11.02139282226562,-1,2,2333
2025-11-20T22:18:39.461+01:00,4203,630481.7259090417,0.4205855636013776,-0.1026608111937547,0.1298810033294278,0.1494198888540268,0.0270351637154817,-0.3220210373401642,1.153459548950195,-0.3942297399044037,-0.244018018245697,XArbitraryCorrectedZVertical,-0.0740693717671601,0.0365430606897155,-0.2047755826221971,-0.9753181293300788,0.930753767490387,-0.3642693758010864,-0.0317083336412906,38.0673828125,-24.21446228027344,11.0653076171875,-1,2,2334
2025-11-20T22:18:39.495+01:00,4204,630481.7608250417,0.4166806143306963,-0.0967022151776629,0.1378516389329439,0.2575879096984863,0.1378844082355499,-0.1850500255823135,0.3254237771034241,-0.1938177943229675,-0.0335859060287475,XArbitraryCorrectedZVertical,-0.0772763361668527,0.0329463970776864,-0.2028473765925264,-0.9756002980282704,0.9325870275497437,-0.3601524829864502,-0.0239092633128166,38.62713623046875,-23.97576904296875,11.52366638183594,-1,2,2335
2025-11-20T22:18:39.531+01:00,4205,630481.7957420417,0.4043963885756464,-0.0966272399858874,0.1427121346315074,-0.0391212180256843,-0.2392969727516174,-0.4515225291252136,-0.6969369053840637,0.4604992866516113,0.2940136194229126,XArbitraryCorrectedZVertical,-0.0794356028913162,0.032889453794616,-0.1967053776339802,-0.9766858715813908,0.9370034337043762,-0.3484844863414764,-0.0241467114537954,39.01287841796875,-24.48988342285156,11.56716918945312,-1,2,2336
2025-11-20T22:18:39.571+01:00,4206,630481.8306580418,0.3897878948091948,-0.1033560919773642,0.1420507335736356,-0.0981414020061492,-0.1620732992887497,-0.3365767598152161,-1.033808946609497,0.4158879518508911,0.2767087817192078,XArbitraryCorrectedZVertical,-0.079507637102797,0.0368243153933233,-0.1893199969670766,-0.97799817230653,0.9416458010673524,-0.3349705338478088,-0.0331328026950359,39.902099609375,-23.94935607910156,10.84727478027344,-1,2,2337
2025-11-20T22:18:39.600+01:00,4207,630481.8655750417,0.384576869830294,-0.1021188659361004,0.1365866191332619,-0.2559455633163452,0.1106133833527565,0.1197373420000076,-0.7878350615501404,0.2931511402130127,0.2105976343154907,XArbitraryCorrectedZVertical,-0.0766260092350503,0.0369557285430649,-0.186993089057904,-0.9786706702296332,0.9431846737861632,-0.330458790063858,-0.0346333160996437,40.45623779296875,-23.82891845703125,10.0367431640625,-1,2,2338
2025-11-20T22:18:39.635+01:00,4208,630481.9004910417,0.3925970422483817,-0.1017001441188907,0.1238961877884387,-0.3848209977149963,-0.0902516022324562,0.2731615304946899,-0.6735263466835022,0.266449511051178,0.1999462246894836,XArbitraryCorrectedZVertical,-0.0705355735675207,0.0376973525508336,-0.1913282644214229,-0.9782623777482304,0.9401584267616272,-0.3386998474597931,-0.0372112691402435,40.70941162109375,-24.04362487792969,9.817764282226562,-1,2,2339
2025-11-20T22:18:39.670+01:00,4209,630481.9354080417,0.3958813413054674,-0.1077085956449619,0.1093883968323993,-0.498369961977005,-0.0521585084497928,0.0590424835681915,-0.9496820569038392,0.4420478940010071,0.2099684476852417,XArbitraryCorrectedZVertical,-0.0640913120622007,0.041963576520845,-0.1931867240517479,-0.9781667855292664,0.9382989406585692,-0.3425757884979248,-0.0472945310175418,40.93017578125,-24.05986022949219,9.495346069335938,-1,2,2340
2025-11-20T22:18:39.705+01:00,4210,630481.9703240417,0.3884019911292377,-0.0904481543476125,0.0839018873371413,-0.5875758528709412,0.4226611852645874,-0.8747403621673584,0.5221584439277649,-0.679871678352356,-0.1830406785011292,XArbitraryCorrectedZVertical,-0.0498250229608983,0.0362346585060795,-0.1907553399050239,-0.979702437794808,0.940686285495758,-0.3368366360664368,-0.0406226888298988,41.766357421875,-24.84092712402344,8.672470092773438,-1,2,2341
2025-11-20T22:18:39.740+01:00,4211,630482.0052410417,0.3626292856070298,-0.0883996408824966,0.0850248517110349,-0.091356486082077,0.4786065816879272,0.1343434154987335,0.6359419226646423,0.1768437922000885,0.0660712122917175,XArbitraryCorrectedZVertical,-0.0497225635294412,0.0357656856295095,-0.1781368675809837,-0.9820975855005076,0.949018895626068,-0.3125248849391937,-0.0411231592297554,42.7947998046875,-23.65618896484375,8.367202758789062,-1,2,2342
2025-11-20T22:18:39.775+01:00,4212,630482.0401570417,0.357455545405092,-0.0629451121815334,0.0840840507151447,0.0513776913285255,0.2114318162202835,-0.8995395302772522,1.103344440460205,-0.7014560699462891,0.2034926414489746,XArbitraryCorrectedZVertical,-0.0469289107350171,0.0234705089310128,-0.1762312171455754,-0.982949275554554,0.951327621936798,-0.3076685965061188,-0.0177626926451921,43.42901611328125,-23.585693359375,9.284317016601562,-1,2,2343
2025-11-20T22:18:39.811+01:00,4213,630482.0750740417,0.3363688476663465,-0.0576237123044389,0.0785807717460942,-0.2199670970439911,0.2115727812051773,0.1154281422495842,1.20904278755188,-0.1332506239414215,0.1232802867889404,XArbitraryCorrectedZVertical,-0.0435284744646144,0.0218069786942447,-0.1660784364482236,-0.9849100355749284,0.9575374722480774,-0.2878461182117462,-0.0163314454257488,44.26226806640625,-22.74888610839844,9.396743774414062,-1,2,2344
2025-11-20T22:18:39.850+01:00,4214,630482.1099910417,0.3434187436392854,-0.0485721016901129,0.0786192085289668,0.0397312119603157,0.2079854607582092,0.0525944083929061,0.1906795501708984,-0.2213065922260284,0.1181227564811707,XArbitraryCorrectedZVertical,-0.042856194840747,0.0171950696037828,-0.1697441776355917,-0.9844057450993092,0.9556064009666444,-0.2945625185966492,-0.0070235626772046,44.36273193359375,-22.52052307128906,10.09471130371094,-1,2,2345
2025-11-20T22:18:39.880+01:00,4215,630482.1449070417,0.3372277165190693,-0.0523343329469694,0.0758819788080943,-0.0973375290632247,-0.4273329079151154,-0.3795321881771088,-0.6294278502464294,0.3157468438148499,0.1427196264266968,XArbitraryCorrectedZVertical,-0.0417687551639104,0.0194111663579222,-0.1666594566333266,-0.9849382148609892,0.957323968410492,-0.2887692749500275,-0.0119671327993273,44.5927734375,-22.13917541503906,9.854766845703123,-1,2,2346
2025-11-20T22:18:39.914+01:00,4216,630482.1798240417,0.3209686238518994,-0.0662621405903173,0.0741571201154429,-0.1313155591487885,-0.3227881491184235,-0.4156033992767334,-0.9660634398460388,0.1980750560760498,0.0533609949052333,XArbitraryCorrectedZVertical,-0.0418632432120556,0.0267564677408482,-0.1583866642631949,-0.9861264843630348,0.9615469574928284,-0.2732855975627899,-0.0272532440721988,45.28424072265625,-21.03730773925781,9.280380249023438,-1,2,2347
2025-11-20T22:18:39.950+01:00,4217,630482.2147400418,0.3164223005392701,-0.0732534209796215,0.0694029502070182,-0.0911284983158111,-0.1141888648271561,0.1749267131090164,-0.9298149943351746,0.328221321105957,-0.0160476006567478,XArbitraryCorrectedZVertical,-0.040004064569683,0.0306768884629576,-0.156096889140402,-0.9864545247169793,0.9624536037445068,-0.2690935134887695,-0.0356644764542579,45.4781494140625,-20.59498596191406,9.180801391601562,-1,2,2348
2025-11-20T22:18:39.984+01:00,4218,630482.2496570417,0.3253681057337443,-0.0736159109575231,0.0681303118003701,0.0232475884258747,0.0559301562607288,0.1704236567020416,-0.934506058692932,0.227622389793396,-0.0517511963844299,XArbitraryCorrectedZVertical,-0.0395429806981972,0.0307800364100784,-0.1605269899463434,-0.9857586435558996,0.9600034952163696,-0.2777169644832611,-0.0355901271104812,45.30059814453125,-20.71798706054688,8.941482543945312,-1,2,2349
2025-11-20T22:18:40.019+01:00,4219,630482.2845730417,0.3238955067254025,-0.0758103917968713,0.0682379026249224,-0.0395840778946876,-0.1013404428958893,-0.0998324081301689,-0.8688203692436218,0.3525811731815338,-0.0837267041206359,XArbitraryCorrectedZVertical,-0.0397486372082004,0.03188213806715,-0.1597553755795773,-0.9858406356704196,0.9603272080421448,-0.2763024270534515,-0.037794291973114,45.40863037109375,-20.48567199707031,9.188095092773438,-1,2,2350
2025-11-20T22:18:40.054+01:00,4220,630482.3194900417,0.3240860138110409,-0.0539642899682507,0.0635151610184858,0.1935700625181198,1.281137108802795,-0.2450911402702332,0.2129355072975159,-0.3115024864673615,-0.3912205696105957,XArbitraryCorrectedZVertical,-0.0356753093344556,0.0214911388708553,-0.1603493225329189,-0.9861812671219404,0.9608010053634644,-0.2766474783420563,-0.0180964432656765,44.96295166015625,-20.37654113769531,9.32781982421875,-1,2,2351
2025-11-20T22:18:40.091+01:00,4221,630482.3544060417,0.3067493691317832,-0.0483114601952226,0.0806444838250126,-0.0619102753698825,-0.2176430970430374,-0.0752703696489334,0.6428104639053345,-0.0459970831871032,-0.1466831564903259,XArbitraryCorrectedZVertical,-0.043513497280993,0.0176937188411642,-0.1516431311584663,-0.9873185003202803,0.9657251834869384,-0.259392261505127,-0.0095058530569076,44.94598388671875,-19.38972473144531,9.7132568359375,-1,2,2352
2025-11-20T22:18:40.124+01:00,4222,630482.3893230417,0.301332419295009,-0.0414185526343827,0.0829273782648193,0.3931001722812653,0.3578729927539825,-0.8632957935333252,1.001192688941956,-0.1106985211372375,-0.4784833192825317,XArbitraryCorrectedZVertical,-0.0440789285139371,0.0142351561000371,-0.1490870092067383,-0.987738582443564,0.9671757817268372,-0.2540932893753052,-0.0027484244201332,45.04339599609375,-18.73629760742188,9.16497802734375,-1,2,2353
2025-11-20T22:18:40.159+01:00,4223,630482.42423925,0.2750960221137461,-0.03415551872308,0.0949664241935748,0.2747704088687897,-0.0281051099300384,-0.3161175549030304,0.9947887659072876,-0.1364930719137192,-0.4859329462051392,XArbitraryCorrectedZVertical,-0.049349073688312,0.0103893236609853,-0.1361372804928258,-0.9894055289374504,0.9735796451568604,-0.2282987236976624,0.004701264668256,46.11419677734375,-17.64453125,9.202957153320312,-1,2,2354
2025-11-20T22:18:40.194+01:00,4224,630482.45915625,0.2715392324395946,-0.0341273999118241,0.1036984519958384,0.1897372156381607,-0.0654314085841178,-0.0977182537317276,0.4995033144950867,-0.1383841335773468,-0.03988778591156,XArbitraryCorrectedZVertical,-0.0536479965917605,0.0098693536934218,-0.1342751476058396,-0.989441593381631,0.9744498133659364,-0.2245156019926071,0.006333656143397,46.03509521484375,-16.69021606445312,9.034988403320312,-1,2,2355
2025-11-20T22:18:40.229+01:00,4225,630482.4940722501,0.2627825279360182,-0.0403597222825793,0.1073954686310988,0.0097977612167596,-0.3001859188079834,-0.3937674760818481,-0.5902042388916016,0.3770760893821716,0.1112313270568848,XArbitraryCorrectedZVertical,-0.0558383204037813,0.0129454123706856,-0.1297243760819527,-0.9898919941457984,0.9764194488525392,-0.215882197022438,9.67329615377821e-05,46.20721435546875,-16.21377563476562,8.929916381835938,-1,2,2356
2025-11-20T22:18:40.264+01:00,4226,630482.5289892501,0.2492407241320591,-0.0480460437797737,0.1088303606500115,0.0201671235263347,-0.1920647174119949,-0.3070603013038635,-0.9431517124176024,0.4090474247932434,0.1744744181632996,XArbitraryCorrectedZVertical,-0.0569322805512647,0.0170407378985506,-0.1227819413655069,-0.990652794137454,0.9792081713676452,-0.2026722580194473,-0.0086724590510129,46.41021728515625,-15.36701965332031,7.99462890625,-1,2,2357
2025-11-20T22:18:40.299+01:00,4227,630482.56390525,0.2456018013191664,-0.049638215953684,0.1066508574188521,-0.1412411630153656,0.0293190162628889,0.1837691515684128,-0.8513990640640259,0.2813211679458618,0.1578473448753357,XArbitraryCorrectedZVertical,-0.0559180090460829,0.0180678085676552,-0.120967936502317,-0.9909154816214198,0.9798932671546936,-0.1992136090993881,-0.0110883321613073,46.3814697265625,-15.00247192382812,7.806106567382812,-1,2,2358
2025-11-20T22:18:40.333+01:00,4228,630482.59882225,0.2600099760688275,-0.0518476085869994,0.0972370504108218,-0.3117895424365997,-0.1273241341114044,0.5624901056289673,-0.6859375238418579,0.1905232220888138,0.0908761024475097,XArbitraryCorrectedZVertical,-0.0515294522132398,0.0193735278881519,-0.1281932781812164,-0.9902201600553404,0.9768310189247132,-0.2135792225599289,-0.0136056598275899,45.768798828125,-15.52983093261719,7.272552490234375,-1,2,2359
2025-11-20T22:18:40.372+01:00,4229,630482.63373925,0.2809419768326389,-0.0594916718278106,0.0826459838703119,-0.472484827041626,-0.1008422002196312,0.6321039795875549,-0.9488728642463684,0.4206158220767975,0.2027367353439331,XArbitraryCorrectedZVertical,-0.0450467585693479,0.0236419562003163,-0.138611519203386,-0.9890392798453832,0.9718829989433287,-0.2344127595424652,-0.022225297987461,45.2086181640625,-16.56709289550781,7.152359008789062,-1,2,2360
2025-11-20T22:18:40.403+01:00,4230,630482.66865525,0.2988445776177203,-0.0479056810464466,0.0519898662121611,-1.316920399665833,1.033862113952637,0.3162724375724792,-0.2392999529838562,-0.111122190952301,0.0659508109092712,XArbitraryCorrectedZVertical,-0.0292592495934397,0.0198074346804353,-0.1481583148315333,-0.9883322624331462,0.9673882722854614,-0.2527236044406891,-0.0170463770627975,44.5255126953125,-18.49981689453125,6.753311157226562,-1,2,2361
2025-11-20T22:18:40.438+01:00,4231,630482.7035722501,0.2977304699612182,-0.0389753287539545,0.0352537354987281,-0.177914559841156,0.4535124599933624,0.3083985149860382,0.8035004734992981,-0.0723612606525421,-0.1574649214744568,XArbitraryCorrectedZVertical,-0.0203174024099295,0.0166542023018003,-0.1479251424532705,-0.9886496133238498,0.9676176309585572,-0.2521016001701355,-0.0126858707517385,43.97039794921875,-19.07145690917969,6.988311767578125,-1,2,2362
2025-11-20T22:18:40.473+01:00,4232,630482.7384882501,0.3295558453132488,-0.011214803416402,0.0325443166627572,-0.1059824004769325,0.9714840054512024,0.3444054126739502,0.980524241924286,-0.3861086070537567,0.1701052188873291,XArbitraryCorrectedZVertical,-0.0169704611474266,0.0028616716847324,-0.1639189601639024,-0.986323717991636,0.9590662121772766,-0.2828061580657959,0.0145871508866548,42.70068359375,-20.69120788574219,7.756820678710938,-1,2,2363
2025-11-20T22:18:40.508+01:00,4233,630482.77340525,0.3142819209575963,-0.0006526137439411,0.0250793762149524,-0.6282371282577515,0.1765918433666229,-0.2513055503368378,0.9765155911445618,-0.4006004631519318,0.1624590158462524,XArbitraryCorrectedZVertical,-0.0124359190234169,-0.0016400861613643,-0.1564786773900608,-0.987601727469107,0.9630748629570008,-0.2683142721652985,0.022233348339796,42.31256103515625,-20.94145202636719,8.105148315429688,-1,2,2364
2025-11-20T22:18:40.543+01:00,4234,630482.80832125,0.323454578492238,0.0052573668599854,0.0166100714326171,-0.018527116626501,0.2445160746574402,0.3522835969924927,0.5680869221687317,-0.2834104895591736,0.056048035621643,XArbitraryCorrectedZVertical,-0.0077732734028751,-0.0039315713866416,-0.1610386248367958,-0.9869097082847006,0.9604317545890808,-0.277319461107254,0.0257848426699638,41.7833251953125,-21.25762939453125,7.73065185546875,-1,2,2365
2025-11-20T22:18:40.578+01:00,4235,630482.84323825,0.3311856299382128,0.0055901864848113,0.0154019695759584,-0.1937406957149506,-0.3175171911716461,0.077954962849617,-0.2588779926300049,0.2729050517082214,0.2224651575088501,XArbitraryCorrectedZVertical,-0.0071348156452022,-0.0040261630229338,-0.164852751903423,-0.9862842455159458,0.9582493901252748,-0.2847611308097839,0.0258716009557247,41.2042236328125,-21.79756164550781,7.573867797851562,-1,2,2366
2025-11-20T22:18:40.613+01:00,4236,630482.8781542501,0.3287193607416242,-0.0112201612622616,0.0131465890285709,0.0019893585704267,-0.4695866703987122,-0.1652065366506577,-0.8960241079330444,0.3611472547054291,0.0046693086624145,XArbitraryCorrectedZVertical,-0.0074024599153658,0.0044588245440902,-0.1635781811377833,-0.9864925526822288,0.959241271018982,-0.2824424207210541,0.0090789040550589,40.97601318359375,-22.28791809082031,6.588546752929688,-1,2,2367
2025-11-20T22:18:40.650+01:00,4237,630482.9130712501,0.3276323284403952,-0.0236104615298694,0.0096286504507601,-0.0855000466108322,-0.3447701334953308,0.2166446298360825,-0.8651569485664368,0.3827861547470093,-0.0085117220878601,XArbitraryCorrectedZVertical,-0.006674704062471,0.0108616935551149,-0.1630151206545785,-0.98654128473958,0.9595631957054138,-0.2814677953720093,-0.0038174027577042,41.12451171875,-22.74896240234375,6.040924072265625,-1,2,2368
2025-11-20T22:18:40.683+01:00,4238,630482.94798725,0.3421572123607206,-0.0355057667817038,0.0072082786652874,0.1092748716473579,-0.33245649933815,0.4943459630012512,-0.8451479077339172,0.3697730898857117,-0.0979232788085937,XArbitraryCorrectedZVertical,-0.006573123916497,0.0168791987446089,-0.170154322243544,-0.985250974420114,0.95524001121521,-0.2954169511795044,-0.0156631488353014,41.21533203125,-24.10624694824219,5.093338012695312,-1,2,2369
2025-11-20T22:18:40.717+01:00,4239,630482.98290425,0.3541695849028595,-0.0458693705844154,0.0099009903635262,0.2323019653558731,-0.3323661983013153,0.173317164182663,-0.913428008556366,0.3289745450019836,-0.0949729084968566,XArbitraryCorrectedZVertical,-0.0089115621952542,0.0217019143559675,-0.1760004744265424,-0.9841104544975904,0.9514527916908264,-0.3068187236785889,-0.0244882255792617,41.2694091796875,-24.71054077148438,4.551864624023438,-1,2,2370
2025-11-20T22:18:40.753+01:00,4240,630483.01782025,0.3630185707609868,-0.0562190474792517,0.0150569989818444,0.2334810048341751,-0.278100848197937,0.4108861684799194,-0.8817836046218872,0.4799182116985321,-0.1512422561645508,XArbitraryCorrectedZVertical,-0.0124751870960319,0.0262848746875613,-0.1802297282813142,-0.9831941400305176,0.9484949707984924,-0.3151232302188873,-0.0324735790491104,41.3070068359375,-25.240478515625,4.401443481445312,-1,2,2371
2025-11-20T22:18:40.787+01:00,4241,630483.05273725,0.38323376569719,-0.0490733314100713,0.021241258123868,0.3793303072452545,0.5648887157440186,0.3981265723705292,-0.2167320251464844,0.0280836820602417,-0.3846325874328613,XArbitraryCorrectedZVertical,-0.0150950994062821,0.0220617960307914,-0.1901225726593934,-0.9813963753819076,0.9422568678855896,-0.3340986669063568,-0.0230213049799203,41.36602783203125,-26.07267761230469,4.368179321289062,-1,2,2372
2025-11-20T22:18:40.822+01:00,4242,630483.0876532501,0.3882142000091772,-0.0463249294695078,0.038479638263065,1.020948529243469,-0.5102080702781677,0.0784497410058975,0.9718499183654784,-0.4033348262310028,-0.3016920685768127,XArbitraryCorrectedZVertical,-0.0233388659993088,0.019011288904093,-0.1923658469222302,-0.9808614593380366,0.9409154653549194,-0.3383338153362274,-0.0144243100658059,41.17205810546875,-26.8582763671875,5.446014404296875,-1,2,2373
2025-11-20T22:18:40.857+01:00,4243,630483.1225702501,0.4046690344925557,-0.0442617279065126,0.0588930767934883,0.8066290616989136,0.2456633597612381,0.1194877997040749,0.9771797060966492,-0.3885970115661621,-0.3116866946220398,XArbitraryCorrectedZVertical,-0.0332796560643974,0.015753052186559,-0.2001822190336096,-0.9790666163553672,0.9355857968330384,-0.3530716598033905,-0.0044297198764979,41.47784423828125,-27.33470153808594,6.343017578125,-1,2,2374
2025-11-20T22:18:40.892+01:00,4244,630483.15748625,0.3911273849574017,-0.0414640827540943,0.0827226925046669,0.5190972685813904,-0.2026449590921402,-0.3798915147781372,0.9721537232398988,-0.4022265374660492,-0.3214558362960815,XArbitraryCorrectedZVertical,-0.0445775492268349,0.0122847059822941,-0.1932707323062826,-0.9800553047758755,0.9406117796897888,-0.3394421339035034,0.0053394655697047,41.94439697265625,-27.09765625,6.817520141601562,-1,2,2375
2025-11-20T22:18:40.932+01:00,4245,630483.19240325,0.394066156886849,-0.0449534062540196,0.0970419970838453,0.604309618473053,-0.0749751105904579,0.166872650384903,0.3595609664916992,-0.1405667662620544,-0.0462681055068969,XArbitraryCorrectedZVertical,-0.0519460199874659,0.012521643823594,-0.1944119050229857,-0.9794636070344326,0.9398470520973206,-0.3415193855762482,0.0072208372876048,42.435302734375,-27.55325317382812,7.4881591796875,-1,2,2376
2025-11-20T22:18:40.962+01:00,4246,630483.22731925,0.3964252799892206,-0.0518869662703872,0.1111085345172179,0.1845627427101135,-0.3983164429664612,-0.0327560901641845,-0.4394434690475464,0.2895839810371399,0.2281026840209961,XArbitraryCorrectedZVertical,-0.0595204576454254,0.0144631333356268,-0.1951351661274152,-0.9788617583448016,0.939321219921112,-0.3429896533489227,0.0057839229702949,42.76458740234375,-28.01791381835938,8.106185913085938,-1,2,2377
2025-11-20T22:18:40.997+01:00,4247,630483.26223625,0.394906507785474,-0.0674599026632297,0.1161232944614744,0.0947847738862037,-0.3557010591030121,-0.0566183179616928,-1.008652448654175,0.3998450040817261,0.1998792886734009,XArbitraryCorrectedZVertical,-0.063473610489266,0.0216353253576646,-0.1938118062993371,-0.978744179213203,0.9399270415306092,-0.3412970304489136,-0.0073286797851324,43.15838623046875,-28.8546142578125,7.773895263671875,-1,2,2378
2025-11-20T22:18:41.032+01:00,4248,630483.2971532501,0.3962389808121061,-0.0703494425260913,0.1173771343294358,0.031430322676897,0.1085779517889023,0.1626923531293869,-0.985395848751068,0.3137812912464142,0.1451510190963745,XArbitraryCorrectedZVertical,-0.0643818778815238,0.0228825132913407,-0.1943431396554733,-0.9785510916226844,0.9394822120666504,-0.3424678146839142,-0.0094393789768218,43.586669921875,-29.09988403320312,8.17291259765625,-1,2,2379
2025-11-20T22:18:41.067+01:00,4249,630483.33206925,0.4056896293264524,-0.0712158115979483,0.1158892643655675,-0.1168716102838516,-0.1915123611688614,0.3197906017303467,-0.7281767129898071,0.3157105147838593,0.1644580960273743,XArbitraryCorrectedZVertical,-0.0638488009352143,0.023152555048588,-0.1989716055666922,-0.9776490220872798,0.9361997246742249,-0.3513397574424744,-0.0095051564276218,43.73486328125,-29.8707275390625,8.319747924804688,-1,2,2380
2025-11-20T22:18:41.101+01:00,4250,630483.36698625,0.416786375517113,-0.0812383173029947,0.106518423327845,-0.3150979578495026,-0.1614399701356888,0.2703835964202881,-0.8929640650749207,0.3913847506046295,0.1602763533592224,XArbitraryCorrectedZVertical,-0.0604287312739674,0.028668680750935,-0.2043093881207267,-0.976618794484255,0.9318893551826476,-0.3621489107608795,-0.020750043913722,43.82647705078125,-30.50148010253906,7.788360595703125,-1,2,2381
2025-11-20T22:18:41.137+01:00,4251,630483.40190175,0.4228797683676485,-0.0773357820813687,0.0889330438300965,-0.8739911913871765,0.6524065732955933,0.4303239583969116,-0.4397212862968445,0.0768449008464813,0.1236411333084106,XArbitraryCorrectedZVertical,-0.0515345347720534,0.0284379161419812,-0.2078235984465451,-0.976393799833194,0.9292689561843872,-0.368699699640274,-0.0227958187460899,43.98419189453125,-30.67170715332031,7.931625366210938,-1,2,2382
2025-11-20T22:18:41.171+01:00,4252,630483.43681875,0.4266355194178359,-0.0646810326219728,0.0641242071418548,-0.0748477801680564,-0.577372670173645,-0.3697623908519745,2.286208391189575,-1.166011452674866,-0.0867347121238708,XArbitraryCorrectedZVertical,-0.0381555203943117,0.0248027800374578,-0.2104711079714342,-0.9765403152608364,0.927506148815155,-0.3732798993587494,-0.019863186404109,43.8355712890625,-31.03326416015625,7.600997924804688,-1,2,2383
2025-11-20T22:18:41.211+01:00,4253,630483.4717347501,0.4459178661175137,-0.0542363325339315,0.0548896226551694,-0.2354229688644409,1.063364267349243,1.115570664405823,0.8024597764015198,-0.0316259264945983,0.1033062338829041,XArbitraryCorrectedZVertical,-0.032745555229249,0.0203682206563135,-0.2202260779466697,-0.9746863429882276,0.9201355576515198,-0.3914087414741516,-0.0122418478131294,43.72509765625,-31.95387268066406,7.693328857421875,-1,2,2384
2025-11-20T22:18:41.241+01:00,4254,630483.5066517501,0.4384863094366264,-0.0321624399601656,0.0508403563967075,-0.3328667283058167,-0.0049182502552866,-0.9552376866340636,0.9832378029823304,-1.052853107452393,0.2491121292114258,XArbitraryCorrectedZVertical,-0.0283020382428464,0.0101631770350089,-0.2169936389454134,-0.975709713140866,0.9230121374130248,-0.3847231566905975,0.0060452264733612,43.9410400390625,-31.97737121582031,8.233901977539062,-1,2,2385
2025-11-20T22:18:41.276+01:00,4255,630483.54156775,0.4338344910032084,-0.0297588473345495,0.0334428033099694,-0.3763089179992676,0.1772525608539581,0.5896703600883484,0.90095454454422,-0.2159754633903503,0.0473036766052246,XArbitraryCorrectedZVertical,-0.0195287615962633,0.0109299488164653,-0.2149232709792304,-0.9763745211651012,0.924576461315155,-0.3809940814971924,0.0013718095142394,45.00445556640625,-31.67665100097656,7.470230102539062,-1,2,2386
2025-11-20T22:18:41.311+01:00,4256,630483.57648475,0.4508402100662485,-0.0246037878036783,0.0199420325196008,-0.5126556158065796,0.0026643050368875,0.3377818763256073,-0.0732867717742919,-0.1069157719612122,0.1198084354400635,XArbitraryCorrectedZVertical,-0.0124673189018059,0.009761286552389,-0.2233682874430827,-0.9746054739103718,0.91781485080719,-0.3970056474208832,0.0014684231719002,45.256591796875,-32.50712585449219,6.77264404296875,-1,2,2387
2025-11-20T22:18:41.346+01:00,4257,630483.61140075,0.4543919830207795,-0.0331664602135573,0.0012614178508351,-0.4086329340934753,-0.3590584695339203,-0.1315743178129196,-0.8274168968200684,0.3888163268566132,0.0306620597839355,XArbitraryCorrectedZVertical,-0.0043495582881907,0.016014282079243,-0.2252052562943063,-0.974170013926636,0.9161314368247986,-0.4006417989730835,-0.0137553121894598,45.6912841796875,-32.510009765625,5.274520874023438,-1,2,2388
2025-11-20T22:18:41.381+01:00,4258,630483.64631775,0.4458512169992561,-0.0418478326306356,-0.0110396166586181,-0.3681725859642029,-0.1305491924285889,-0.1808273792266846,-1.012406945228577,0.3254121243953705,0.0399025082588195,XArbitraryCorrectedZVertical,0.0007564834166231,0.0216244173583933,-0.2211446480368012,-0.9750009434048394,0.9191604256629944,-0.3929779827594757,-0.0266884192824363,46.4677734375,-31.88203430175781,4.12457275390625,-1,2,2389
2025-11-20T22:18:41.416+01:00,4259,630483.6812337501,0.4452453495815635,-0.0457502548674446,-0.020205777992738,-0.1493180692195892,-0.1190690249204636,0.1623712778091431,-0.8487186431884766,0.4395858347415924,-0.012665931135416,XArbitraryCorrectedZVertical,0.0048009591635141,0.0245375019892444,-0.220944669150331,-0.9749658631280818,0.9191227555274964,-0.3925125002861023,-0.0338734276592731,47.32379150390625,-31.12619018554688,2.728622436523438,-1,2,2390
2025-11-20T22:18:41.452+01:00,4260,630483.71615075,0.4512299121172308,-0.0509260244630315,-0.0257227496822438,-0.1762044578790665,-0.2085072994232178,0.0644380748271942,-0.8651261329650879,0.3173889517784119,0.0053370557725429,XArbitraryCorrectedZVertical,0.0068358805328111,0.0276891113246732,-0.2239338920308716,-0.974187024047802,0.9164568185806274,-0.3980469107627869,-0.0408137254416942,47.132568359375,-30.6593017578125,2.421829223632812,-1,2,2391
2025-11-20T22:18:41.488+01:00,4261,630483.75106675,0.4481605929051969,-0.0587893190837258,-0.0299107429733202,-0.0587748475372791,-0.1447235196828842,-0.1751202046871185,-0.9254838824272156,0.5030858516693115,-0.1584441065788269,XArbitraryCorrectedZVertical,0.0080445189948425,0.0319741000947687,-0.2225174627761261,-0.9743709955731762,0.9172286987304688,-0.3952518701553345,-0.0496705546975135,46.91192626953125,-29.43214416503906,1.67022705078125,-1,2,2392
2025-11-20T22:18:41.521+01:00,4262,630483.78598375,0.447644519049887,-0.0417113224227455,-0.0290821915697184,0.3269803822040558,0.9038282036781312,-0.1302078664302826,0.2039855718612671,-0.1043864190578461,-0.4738706946372986,XArbitraryCorrectedZVertical,0.0095465433974961,0.0235585182143608,-0.2221821005019735,-0.9746737301724108,0.918160915374756,-0.3947742581367493,-0.0336671732366085,46.28302001953125,-28.48680114746094,2.21258544921875,-1,2,2393
2025-11-20T22:18:41.556+01:00,4263,630483.82089975,0.4335465770687519,-0.0460814988442343,-0.0037149474765492,0.6094523668289185,-0.2897408902645111,-0.136611208319664,0.705233097076416,-0.3244556188583374,-0.3199726939201355,XArbitraryCorrectedZVertical,-0.0031416276660064,0.0228988854375503,-0.2150638936838618,-0.9763263898454636,0.9239324331283568,-0.3815379440784454,-0.0278819594532251,46.04632568359375,-26.96376037597656,2.965087890625,-1,2,2394
2025-11-20T22:18:41.590+01:00,4264,630483.8558167501,0.4385978405317311,-0.0414082670452108,0.0164599776931429,0.7837675213813782,0.2376352995634079,-0.6814004778862,0.8658621907234192,-0.4760355055332184,-0.373166024684906,XArbitraryCorrectedZVertical,-0.0125346845258555,0.0184161535978866,-0.2173250972901835,-0.9758450300374656,0.922437310218811,-0.3858266174793243,-0.0157195124775171,45.5465087890625,-26.45217895507812,3.59149169921875,-1,2,2395
2025-11-20T22:18:41.626+01:00,4265,630483.8907327501,0.4089375348658625,-0.0479324373826146,0.0389095034725685,0.3439871668815613,-0.4235205054283142,-0.546628475189209,1.11191201210022,-0.6945676803588867,-0.2613716125488281,XArbitraryCorrectedZVertical,-0.0239076982433672,0.0195114446860963,-0.2024938143166535,-0.978797281465158,0.9337118268013,-0.3577241599559784,-0.0146904345601797,46.06787109375,-23.80743408203125,5.294189453125,-1,2,2396
2025-11-20T22:18:41.660+01:00,4266,630483.92564975,0.4064622818147172,-0.0555394986508605,0.0515865214576116,0.4598865807056427,-0.0550293326377868,0.0018579945899546,0.4707551002502441,-0.1450855135917664,-0.16690593957901,XArbitraryCorrectedZVertical,-0.0308522044802486,0.0219822939446019,-0.2009887186024935,-0.9788608565595244,0.9347015023231506,-0.3550060093402863,-0.0174355246126651,46.18463134765625,-22.59686279296875,4.916122436523438,-1,2,2397
2025-11-20T22:18:41.695+01:00,4267,630483.96056575,0.4023481714078182,-0.0607948046777991,0.06229328811088,0.0846246555447578,-0.3213707208633423,-0.2491978853940964,-0.6020857095718384,0.4518212080001831,0.1476672887802124,XArbitraryCorrectedZVertical,-0.0365695908657492,0.0235454989301502,-0.1987032974304327,-0.9790941473759368,0.9362684488296508,-0.3507774770259857,-0.0188831482082605,45.8076171875,-21.55552673339844,4.753082275390625,-1,2,2398
2025-11-20T22:18:41.731+01:00,4268,630483.99548275,0.3944111929307194,-0.0700835603553039,0.0652075170371688,0.0805139765143394,-0.0641945526003837,-0.1318948566913605,-0.9840939044952391,0.472546398639679,0.1621395349502563,XArbitraryCorrectedZVertical,-0.0388072166693551,0.0279543090217907,-0.1945855797859555,-0.9797188980518216,0.938851535320282,-0.3432433903217316,-0.0272366534918546,45.69561767578125,-20.58818054199219,5.04705810546875,-1,2,2399
2025-11-20T22:18:41.771+01:00,4269,630484.0303987501,0.3947028956513199,-0.0650044241545956,0.0639595825361856,-0.139554962515831,0.2445185035467148,0.2011626064777374,-0.8733751177787781,0.3176703155040741,0.1798536777496338,XArbitraryCorrectedZVertical,-0.0377055582591455,0.0255834275264547,-0.1948502308444479,-0.97977407630221,0.9388505816459656,-0.3435644507408142,-0.0228712745010852,44.8927001953125,-20.13748168945312,5.483993530273438,-1,2,2400
2025-11-20T22:18:41.800+01:00,4270,630484.0653157501,0.4049420014691247,-0.0623630663118697,0.0552836641330125,-0.3468385338783264,-0.1285144686698914,0.3392658233642578,-0.6977046132087708,0.331957995891571,0.1418018341064453,XArbitraryCorrectedZVertical,-0.0333274715534945,0.0249728621400904,-0.2000718657246496,-0.9788957759324192,0.9351771473884584,-0.3534575998783112,-0.0226154550909996,44.24652099609375,-20.42514038085938,6.07635498046875,-1,2,2401
2025-11-20T22:18:41.835+01:00,4271,630484.10023175,0.4150997022341956,-0.0688308301296152,0.0414920632756772,-0.3706122636795044,-0.0987696424126625,0.2120015472173691,-0.9484077095985411,0.4178436100482941,0.1268501281738281,XArbitraryCorrectedZVertical,-0.0273761356700281,0.0293907730815698,-0.2051981460295679,-0.9778959281044736,0.931058406829834,-0.3633849322795868,-0.0328865386545658,43.031005859375,-20.81744384765625,5.907012939453125,-1,2,2402
2025-11-20T22:18:41.870+01:00,4272,630484.13514875,0.4237561236341367,-0.0556299874413062,0.0163677749343595,-1.158967971801758,1.154322862625122,0.4393518269062042,-0.3653792142868042,-0.0435950756072998,0.0910088494420051,XArbitraryCorrectedZVertical,-0.0138461355549064,0.0254682141843766,-0.2099854491520651,-0.977274590221587,0.9277263879776,-0.3721000254154205,-0.0294091533869504,42.1103515625,-21.20120239257812,6.166351318359375,-1,2,2403
2025-11-20T22:18:41.905+01:00,4273,630484.17006475,0.4129846788274221,-0.0350815103843398,-0.0062531854292399,0.0778666138648986,0.280389666557312,-0.5797542929649353,0.7938348054885864,-0.4723325073719025,-0.1253005266189575,XArbitraryCorrectedZVertical,-0.0005364482933028,0.0178080960854466,-0.2050491530900086,-0.9785895277065216,0.9317969083786012,-0.3624910712242126,-0.0188339967280626,41.04052734375,-21.2783203125,6.693374633789062,-1,2,2404
2025-11-20T22:18:41.940+01:00,4274,630484.20498175,0.444561585673374,-0.0100007259644098,-0.0189322750666936,-0.5494191646575928,0.9259937405586244,1.036909937858582,0.8171023726463318,0.0085415840148925,0.2732422947883606,XArbitraryCorrectedZVertical,0.0081306897331072,0.0069638992762305,-0.2204883956870793,-0.9753309167768812,0.9200193285942078,-0.3918728828430176,-0.0004915054305456,39.81103515625,-21.94564819335938,7.189849853515625,-1,2,2405
2025-11-20T22:18:41.975+01:00,4275,630484.2398977501,0.428713630734162,0.0043528375690971,-0.0405385932438543,-0.9042594432830812,0.1644649505615234,-0.8657713532447815,0.9647362232208252,-1.098782062530518,0.3701657056808472,XArbitraryCorrectedZVertical,0.0202668672999272,0.0021851889518497,-0.2126316920942441,-0.9769198503264094,0.9260566830635072,-0.3773532509803772,0.0048647974617779,39.01849365234375,-23.1485595703125,8.15777587890625,-1,2,2406
2025-11-20T22:18:42.012+01:00,4276,630484.2748147501,0.4245424283618722,0.0175553544066062,-0.0685190990695076,-0.5465302467346191,0.5514132380485535,0.3550772666931152,0.8873915672302246,-0.1993209719657898,0.025003433227539,XArbitraryCorrectedZVertical,0.0353309282605767,-0.001359381378712,-0.2102550273437678,-0.9770070291821408,0.927656590938568,-0.3733718693256378,0.0068264352157711,38.54107666015625,-21.70065307617188,8.18359375,-1,2,2407
2025-11-20T22:18:42.052+01:00,4277,630484.30973075,0.4343673242483152,0.0326445932072819,-0.0921033046285458,-0.8719805479049683,0.1628513187170029,0.1396488845348358,-0.1126372218132019,0.0217964351177215,0.1597998142242432,XArbitraryCorrectedZVertical,0.0484611809215959,-0.0060028559558529,-0.2144894561632606,-0.9755049057931336,0.9240537881851196,-0.3821021616458893,0.0110680181533098,37.64324951171875,-22.05323791503906,8.241653442382812,-1,2,2408
2025-11-20T22:18:42.079+01:00,4278,630484.34464675,0.4350450991049887,0.0348241009924874,-0.119236765625425,-0.5989702939987183,0.0994297415018081,-0.1275090575218201,-0.7227766513824463,0.378738671541214,-0.0081537961959838,XArbitraryCorrectedZVertical,0.0619210334239206,-0.0041139278081005,-0.2143821753855032,-0.974776467115418,0.9241315722465516,-0.3820650577545166,0.0026452848687767,36.73724365234375,-22.76051330566406,7.996322631835938,-1,2,2409
2025-11-20T22:18:42.114+01:00,4279,630484.37956375,0.4314226705231732,0.0415691282581866,-0.1402589288433372,-0.6393830180168152,0.2324112504720688,-0.0745701342821121,-0.9115652441978456,0.3336260914802551,0.0291013717651367,XArbitraryCorrectedZVertical,0.0728707729960777,-0.0052563706859489,-0.2120475320321992,-0.974524493630655,0.925786316394806,-0.3780443370342255,0.0013856705045327,36.36102294921875,-23.07768249511719,8.018890380859375,-1,2,2410
2025-11-20T22:18:42.149+01:00,4280,630484.414479875,0.4348784756587365,0.0467446010917694,-0.1612942400792821,-0.5015587210655212,0.031272292137146,0.2650476694107056,-0.7735249996185303,0.3893974125385284,-0.0433377623558044,XArbitraryCorrectedZVertical,0.0836665702712665,-0.0053713138999399,-0.213131613863585,-0.9734197004461088,0.9248462915420532,-0.3803336322307587,-0.002331782830879,36.065673828125,-22.78704833984375,8.106719970703125,-1,2,2411
2025-11-20T22:18:42.184+01:00,4281,630484.449396875,0.4520165047599235,0.0496028206203552,-0.1738934338839082,-0.258019357919693,0.0092726908624172,0.5083169341087341,-0.9096859097480774,0.4555226564407349,-0.093637466430664,XArbitraryCorrectedZVertical,0.0901389608537958,-0.0046236176425928,-0.2210752407586492,-0.971071217742792,0.9185359477996826,-0.3952656090259552,-0.0075283204205334,35.392333984375,-23.66374206542969,7.9005126953125,-1,2,2412
2025-11-20T22:18:42.219+01:00,4282,630484.4843128751,0.4656445416628439,0.0567674683794704,-0.1824381055844635,-0.3490415215492249,0.4549338519573212,0.3867337107658386,-0.8439214825630188,0.515739381313324,-0.1122078895568848,XArbitraryCorrectedZVertical,0.0951198589810638,-0.0064905653368843,-0.227157305305579,-0.9691799082860724,0.9133794903755188,-0.4070509672164917,-0.0068869995884597,35.11053466796875,-24.3524169921875,7.95697021484375,-1,2,2413
2025-11-20T22:18:42.254+01:00,4283,630484.5192298751,0.4796565518193457,0.0893535972696906,-0.1925350723325337,-0.2912347614765167,0.9576781392097472,0.2092130780220032,1.02072548866272,-0.4040794670581818,-0.2777074575424194,XArbitraryCorrectedZVertical,0.1038343978063897,-0.0203738828891031,-0.2320300843461766,-0.9669360490855904,0.907878577709198,-0.4189337491989136,0.0158360451459884,34.30364990234375,-25.16371154785156,8.727874755859375,-1,2,2414
2025-11-20T22:18:42.291+01:00,4284,630484.554145875,0.4836495550155988,0.0952960084425853,-0.1853362451377765,0.0159999690949916,0.1629747003316879,0.5546846985816956,0.5446164608001709,-0.1622309684753418,-0.2666964530944824,XArbitraryCorrectedZVertical,0.101098265634027,-0.0239108814279477,-0.2338973493333518,-0.9666951900949138,0.9058536291122437,-0.4229436218738556,0.0234103165566921,33.99481201171875,-25.61857604980469,9.710678100585938,-1,2,2415
2025-11-20T22:18:42.331+01:00,4285,630484.589062875,0.4941940149748168,0.1115577755318298,-0.1784031478928345,0.45081627368927,0.3059256374835968,-0.5597196221351624,0.897668182849884,-0.6219913959503174,-0.248814582824707,XArbitraryCorrectedZVertical,0.099824897173256,-0.0320867108534075,-0.2384232915494823,-0.965484247188092,0.9006869196891785,-0.4327265322208405,0.0388688668608665,33.536865234375,-26.38262939453125,10.65985107421875,-1,2,2416
2025-11-20T22:18:42.359+01:00,4286,630484.623978875,0.4664632600253232,0.1048796473952042,-0.1694384581463343,0.1529545187950134,-0.14219930768013,-0.4514370262622833,1.237651824951172,-0.7589348554611206,-0.1289474964141846,XArbitraryCorrectedZVertical,0.0942847239402459,-0.0312834602143094,-0.2256621272467991,-0.9691276171104776,0.9117774963378906,-0.408515065908432,0.0421554781496524,33.7501220703125,-25.79531860351562,11.03639221191406,-1,2,2417
2025-11-20T22:18:42.394+01:00,4287,630484.6588958751,0.4563316071802956,0.10386041989897,-0.1633315965243401,0.2740005850791931,0.1116363853216171,-0.3901295959949493,0.1807145476341248,-0.194533497095108,-0.0548182725906372,XArbitraryCorrectedZVertical,0.0910554958730307,-0.0319663973142336,-0.2210089243000389,-0.9704855034360564,0.9155073165893556,-0.3997047543525696,0.045632466673851,33.89324951171875,-25.44075012207031,11.91192626953125,-1,2,2418
2025-11-20T22:18:42.428+01:00,4288,630484.6938118751,0.4364147773786318,0.0988025271456185,-0.1633309630898032,-0.117794930934906,-0.2605536878108978,-0.6258776783943176,-0.3797708749771118,0.3496879637241364,0.1664904356002808,XArbitraryCorrectedZVertical,0.0901975983866139,-0.0304117831050516,-0.211562422682274,-0.9727183344995086,0.923227846622467,-0.3816398680210114,0.0447369590401649,34.04132080078125,-26.41996765136719,11.94639587402344,-1,2,2419
2025-11-20T22:18:42.463+01:00,4289,630484.728728875,0.4193402630853355,0.0848366707569585,-0.1674483855645647,-0.0632790327072143,-0.2694283723831177,-0.2581456899642944,-0.8239482641220093,0.4568828344345093,0.1277183294296265,XArbitraryCorrectedZVertical,0.0905166585986562,-0.0239415146288731,-0.2037530636953185,-0.9745348832379284,0.930073082447052,-0.3658488392829895,0.0334450118243694,34.444580078125,-26.16201782226562,11.76820373535156,-1,2,2420
2025-11-20T22:18:42.498+01:00,4290,630484.763644875,0.420216512207743,0.0780115101818866,-0.1685085361837146,0.0300884470343589,-0.2111651301383972,0.2623735070228577,-0.8319913148880005,0.4175523519515991,0.0748002529144287,XArbitraryCorrectedZVertical,0.0903456619217623,-0.020464571657862,-0.2044583283465796,-0.9744823265543584,0.9299986362457277,-0.3666032552719116,0.0265485402196645,33.890625,-25.36415100097656,11.60438537597656,-1,2,2421
2025-11-20T22:18:42.533+01:00,4291,630484.798561875,0.4321629497318003,0.068269613034479,-0.1648658937947274,0.075358398258686,-0.4582268297672272,0.3357959389686584,-0.8010855317115784,0.3856425583362579,0.0826027393341064,XArbitraryCorrectedZVertical,0.087670330884923,-0.0155776886579783,-0.2108065950302808,-0.9734638958095292,0.9257804155349731,-0.3776927292346954,0.0167014002799987,33.6597900390625,-26.29376220703125,11.41201782226562,-1,2,2422
2025-11-20T22:18:42.571+01:00,4292,630484.833477875,0.441785935204673,0.0566747984940722,-0.1612248494227188,0.0880992636084556,-0.143109604716301,0.2343987375497818,-0.8912742733955383,0.4525130093097687,0.1082766056060791,XArbitraryCorrectedZVertical,0.0847247706156255,-0.0099193339696951,-0.2160756425002114,-0.9726432027774804,0.922219216823578,-0.3866255879402161,0.0057065398432314,33.50128173828125,-26.77433776855469,10.86320495605469,-1,2,2423
2025-11-20T22:18:42.603+01:00,4293,630484.8683948751,0.4467225811101285,0.0703498395842658,-0.1651860984510579,-0.0719328671693801,0.4289371073246002,-0.4442967176437378,0.7539522647857666,-0.668255090713501,-0.1087890863418579,XArbitraryCorrectedZVertical,0.0881633807152755,-0.0159141659287494,-0.217787762169321,-0.971875844889966,0.9202879667282104,-0.3909185528755188,0.0159088298678398,33.48785400390625,-27.710693359375,10.75798034667969,-1,2,2424
2025-11-20T22:18:42.638+01:00,4294,630484.9033108751,0.4319827904101439,0.0587789238230417,-0.1541787214532288,0.2092443406581879,-0.057807020843029,0.3381829857826233,0.7349635362625122,-0.0861078798770904,0.0338308811187744,XArbitraryCorrectedZVertical,0.0814701195210051,-0.012119215480583,-0.2113766557660215,-0.9739279508500052,0.9257266521453856,-0.3780033886432648,0.0119759822264313,34.0811767578125,-27.35836791992188,10.64869689941406,-1,2,2425
2025-11-20T22:18:42.673+01:00,4295,630484.938226875,0.4388450803805579,0.0701002137913053,-0.1438326702298005,0.4494742453098297,0.1406675279140472,-0.5350275635719299,1.036438703536987,-0.7441510558128357,0.199462890625,XArbitraryCorrectedZVertical,0.0776963932183294,-0.0184836598446803,-0.2145124459111641,-0.9734506051297214,0.922698140144348,-0.3846941292285919,0.0252685397863388,33.8463134765625,-27.73600769042969,11.1424560546875,-1,2,2426
2025-11-20T22:18:42.708+01:00,4296,630484.973143875,0.4224411117675291,0.068980467157478,-0.1324854728140837,0.3695496618747711,0.1147629395127296,0.0719373375177383,1.030651330947876,-0.7587746381759644,0.1937100887298584,XArbitraryCorrectedZVertical,0.0718983917487491,-0.0197734668049448,-0.2068373632358599,-0.9755296318906844,0.928485631942749,-0.370070606470108,0.0310213230550289,34.53045654296875,-27.24502563476562,11.68048095703125,-1,2,2427
2025-11-20T22:18:42.743+01:00,4297,630485.008059875,0.430044152019639,0.068937554746459,-0.1141977726153532,0.5164777040481567,-0.2769617140293121,0.2139223963022232,0.4144882559776306,-0.2512452602386475,0.2061029672622681,XArbitraryCorrectedZVertical,0.0630616997677447,-0.021444202094752,-0.2109733552928543,-0.9752197771684398,0.9252333641052246,-0.3776151835918427,0.0367406941950321,34.1529541015625,-27.36625671386719,11.97198486328125,-1,2,2428
2025-11-20T22:18:42.778+01:00,4298,630485.0429768751,0.4379902803123008,0.0495183869757537,-0.0993314243775521,0.4210784435272217,-0.8372758626937866,0.3344363570213318,-0.182204008102417,0.2262706756591797,0.1223589181900024,XArbitraryCorrectedZVertical,0.0538164512812727,-0.0133535050980095,-0.2157147787998132,-0.9748808510545948,0.922499418258667,-0.3852824568748474,0.0234998818486928,34.02044677734375,-27.66278076171875,12.31283569335938,-1,2,2429
2025-11-20T22:18:42.813+01:00,4299,630485.0778928751,0.4477716842800064,0.0201592767765559,-0.0808728654421925,0.5291991829872131,-0.8361985683441162,0.1768428534269333,-0.9567357301712036,0.2828467190265656,0.0283474922180175,XArbitraryCorrectedZVertical,0.0416504911539526,-0.0008450716180161,-0.2214300861560278,-0.97428605871606,0.9188480973243712,-0.3946020603179932,0.0027193543501198,34.09112548828125,-28.57867431640625,11.96553039550781,-1,2,2430
2025-11-20T22:18:42.852+01:00,4300,630485.112809875,0.4514876604597035,-0.0076269276984815,-0.064617707830682,0.4607100486755371,-0.7564659714698792,0.1268118023872375,-0.9832752346992492,0.3347801864147186,0.0079206842929124,XArbitraryCorrectedZVertical,0.030630278503218,0.010945185133354,-0.2238330093352496,-0.9740845447698409,0.91714346408844,-0.3982108533382416,-0.0166029687970876,34.232177734375,-28.36341857910156,11.42074584960938,-1,2,2431
2025-11-20T22:18:42.882+01:00,4301,630485.147725875,0.462523406425978,-0.0306186498810848,-0.0454126083839219,0.629421055316925,-0.6247590184211731,0.4949980974197388,-0.9152081608772278,0.3341298401355743,-0.0371907353401184,XArbitraryCorrectedZVertical,0.0185893828210232,0.0201006966928035,-0.2294582057638647,-0.9729333576577642,0.9122936725616456,-0.4084095358848572,-0.0303600076586008,34.27801513671875,-28.32106018066406,11.0047607421875,-1,2,2432
2025-11-20T22:18:42.917+01:00,4302,630485.182642875,0.4776309725720946,-0.0518377483238495,-0.0225979077177408,0.7072344422340393,-0.647687554359436,0.1388251781463623,-0.997660517692566,0.3355043530464172,-0.0381012521684169,XArbitraryCorrectedZVertical,0.0048442746454922,0.0278506745689047,-0.2367418583241706,-0.9711612388830134,0.905649960041046,-0.42209792137146,-0.0403900071978569,34.18438720703125,-28.73365783691406,10.6727294921875,-1,2,2433
2025-11-20T22:18:42.952+01:00,4303,630485.217558875,0.4785443740116489,-0.0682955975884868,0.0001113328843865,0.6520834565162659,-0.0169689208269119,-0.0078392438590526,-0.5116230249404907,0.1403186917304993,-0.2603132724761963,XArbitraryCorrectedZVertical,-0.0081453540752421,0.0331553197120736,-0.2368555949819223,-0.9709448289468272,0.9051318764686584,-0.4226672649383545,-0.0457017719745636,34.5242919921875,-28.43653869628906,10.40821838378906,-1,2,2434
2025-11-20T22:18:42.987+01:00,4304,630485.2524758751,0.469853007836712,-0.0542870619192693,0.0235728747892153,0.8870738744735718,0.1477912366390228,-0.596163272857666,1.135717868804932,-0.4915404319763184,-0.3169492483139038,XArbitraryCorrectedZVertical,-0.017775218811914,0.0236503897889288,-0.2323585059971088,-0.9721801606665058,0.9098448753356934,-0.4142822623252869,-0.023504888638854,34.7076416015625,-27.70970153808594,11.59196472167969,-1,2,2435
2025-11-20T22:18:43.022+01:00,4305,630485.287391875,0.4556194315859816,-0.0628693265249085,0.0586254020332278,0.5946648716926575,0.0532703474164009,0.081320434808731,0.8923665881156921,0.0719807744026184,-0.129986047744751,XArbitraryCorrectedZVertical,-0.0356322898600027,0.0239884120306908,-0.2247384769356008,-0.9734718771609132,0.9162728786468506,-0.4001514911651611,-0.0179631877690553,35.1263427734375,-26.51998901367188,11.93502807617188,-1,2,2436
2025-11-20T22:18:43.057+01:00,4306,630485.322307875,0.4440960652033743,-0.0574570160578393,0.0880595635880518,0.9253705739974976,-0.1405558586120605,-0.916411817073822,1.13358998298645,-0.4893186092376709,-0.2666491866111755,XArbitraryCorrectedZVertical,-0.0492370030452968,0.0183027186423611,-0.2186903139541075,-0.9743795000838288,0.9215402007102966,-0.3882754147052765,-0.0024548573419451,35.32220458984375,-25.40818786621094,12.90156555175781,-1,2,2437
2025-11-20T22:18:43.092+01:00,4307,630485.357224875,0.4213921818650026,-0.0679813773172207,0.1153655498187107,0.6583482027053833,-0.3660872876644135,-0.1643703877925873,1.21213436126709,-0.1555213034152985,-0.1512141823768616,XArbitraryCorrectedZVertical,-0.0634389543081065,0.021127172448506,-0.2067563062626604,-0.9761050574324388,0.930642068386078,-0.3659020066261292,-0.0045933034271001,35.74884033203125,-23.96473693847656,12.80979919433594,-1,2,2438
2025-11-20T22:18:43.130+01:00,4308,630485.392140875,0.4179220620568041,-0.0758620358853335,0.1416886293739132,0.6830612421035767,-0.2267648130655289,-0.2349868416786194,-0.021306574344635,0.0791786909103393,-0.0359836816787719,XArbitraryCorrectedZVertical,-0.0770423991727083,0.0223306013363226,-0.2041485336896992,-0.9756481065532256,0.9325461983680724,-0.361039012670517,-0.0028957163449376,35.62542724609375,-23.552734375,13.51744079589844,-1,2,2439
2025-11-20T22:18:43.162+01:00,4309,630485.4270583751,0.40945800035838,-0.0887576420877388,0.1584559301698643,0.3829074203968048,-0.5462596416473389,-0.2435569614171982,-0.4313856959342957,0.3940573334693909,0.1139129400253296,XArbitraryCorrectedZVertical,-0.0864069910313114,0.027226995542649,-0.1990266654057333,-0.9757975812368042,0.9359175562858582,-0.3520651161670685,-0.0104126147925853,35.55401611328125,-23.08901977539062,13.43350219726562,-1,2,2440
2025-11-20T22:18:43.197+01:00,4310,630485.4619743751,0.4102002170787672,-0.1050790048538689,0.1722004919655192,0.3636824190616608,-0.2893504202365875,0.2343806475400925,-0.8402653336524963,0.4830488860607147,0.1442393064498901,XArbitraryCorrectedZVertical,-0.0947312744664804,0.0337343909162017,-0.1982093877378753,-0.9749877010110012,0.9358768463134766,-0.3517164587974548,-0.0207346975803375,35.49432373046875,-22.73207092285156,13.02142333984375,-1,2,2441
2025-11-20T22:18:43.231+01:00,4311,630485.496891375,0.4210142586568542,-0.1125306819882883,0.1818241321804703,0.2366677522659302,-0.0850278809666633,0.2237960696220398,-0.9673637747764589,0.4445191025733948,0.1933303475379944,XArbitraryCorrectedZVertical,-0.1003445209064546,0.0358267210746898,-0.2027708873526355,-0.9734122291694568,0.9323599934577942,-0.3608551025390625,-0.022096274420619,35.09539794921875,-23.04981994628906,13.14851379394531,-1,2,2442
2025-11-20T22:18:43.267+01:00,4312,630485.531807375,0.4304233645251329,-0.1177220276181641,0.1851902487191112,0.001989739248529,-0.1412783712148666,0.3399194777011871,-0.8037163615226746,0.4184200167655945,0.1863342523574829,XArbitraryCorrectedZVertical,-0.1026823588523458,0.0375121295431321,-0.206957291307307,-0.9722232340346152,0.9290673732757568,-0.369149386882782,-0.023721344769001,34.94415283203125,-23.77835083007812,12.59356689453125,-1,2,2443
2025-11-20T22:18:43.301+01:00,4313,630485.566724375,0.4461536334778226,-0.1250974370196238,0.1798596535858116,-0.2257518917322159,0.0652646794915199,0.5511278510093689,-0.8215742111206055,0.5000410079956055,0.1476629972457886,XArbitraryCorrectedZVertical,-0.101184870952937,0.0408831195034446,-0.214431710122513,-0.9706232035448458,0.92292320728302,-0.3838759064674377,-0.0291937962174415,34.90765380859375,-24.87117004394531,12.18190002441406,-1,2,2444
2025-11-20T22:18:43.336+01:00,4314,630485.601640375,0.4575811179812516,-0.107041740457494,0.1682004384065185,-0.3429131805896759,0.889232337474823,-0.1784498244524002,-0.0032296180725097,-0.1936498284339905,0.0118367681279778,XArbitraryCorrectedZVertical,-0.0937848657058615,0.0328930119704112,-0.2212980057360886,-0.9701286562743916,0.91848224401474,-0.3951867818832397,-0.0147511763498187,34.57525634765625,-25.83840942382812,12.10621643066406,-1,2,2445
2025-11-20T22:18:43.371+01:00,4315,630485.6365573751,0.4474150370733936,-0.0968937312810348,0.1607292332997009,-0.242646187543869,-0.3531461358070374,-0.1986135244369507,0.6746869683265686,-0.4054238200187683,0.0730834007263183,XArbitraryCorrectedZVertical,-0.0888947737531893,0.0292802565996992,-0.2170799799415871,-0.9716566617794824,0.9221910238265992,-0.3865987956523895,-0.0102477436885237,35.1761474609375,-26.20819091796875,11.91041564941406,-1,2,2446
2025-11-20T22:18:43.411+01:00,4316,630485.671473375,0.4566140094623561,-0.0955398818626491,0.1482457725217687,-0.2445386499166489,0.5203621983528137,0.425959050655365,0.9899900555610656,-0.0567841529846191,0.0012788195163011,XArbitraryCorrectedZVertical,-0.0828290157549123,0.0296432805238404,-0.2220053535636427,-0.9710685712939184,0.9182129502296448,-0.3958982527256012,-0.0122194048017263,35.57073974609375,-27.34722900390625,11.60830688476562,-1,2,2447
2025-11-20T22:18:43.441+01:00,4317,630485.706389375,0.448441679230136,-0.0743994175119223,0.140625528825745,-0.3558083772659302,0.4355940818786621,-0.4706922173500061,1.072711944580078,-0.4424695074558258,0.22353196144104,XArbitraryCorrectedZVertical,-0.0766977067469851,0.0205604214792262,-0.2190964774368567,-0.972466675477408,0.921214997768402,-0.3890428841114044,0.0028931051492691,35.56719970703125,-27.75692749023438,12.08015441894531,-1,2,2448
2025-11-20T22:18:43.476+01:00,4318,630485.741306375,0.4441944938051355,-0.0646231006196401,0.1272013663255478,-0.4392128884792328,0.1775502264499664,0.1774083524942398,0.6408993601799011,-0.0158235132694244,0.220422625541687,XArbitraryCorrectedZVertical,-0.0690661516144183,0.0174557613111917,-0.2177128751989285,-0.9734095855288804,0.9224397540092468,-0.3860929012298584,0.0060788337141275,35.72869873046875,-28.74208068847656,12.06222534179688,-1,2,2449
2025-11-20T22:18:43.511+01:00,4319,630485.776222375,0.4468011090426736,-0.0676432122977038,0.1117269400626205,-0.5701562166213989,-0.3650278449058533,0.0433500818908214,-0.1219900250434875,0.2152958810329437,0.1759082674980164,XArbitraryCorrectedZVertical,-0.0618957310916772,0.020560532300036,-0.2192336903760099,-0.973490089800536,0.9210470914840698,-0.3894444406032562,-0.0023395449388772,36.10430908203125,-29.57681274414062,11.51876831054688,-1,2,2450
2025-11-20T22:18:43.546+01:00,4320,630485.8111393751,0.4473798119944011,-0.0851848612512178,0.0936333222139265,-0.4084539413452148,-0.4434812963008881,0.0810658037662506,-0.551754891872406,0.4077332615852356,-0.0147199016064405,XArbitraryCorrectedZVertical,-0.0550272236375203,0.0311011267732529,-0.2194420195614429,-0.9735758615277232,0.9200409650802612,-0.3909943103790283,-0.0254565384238958,36.8355712890625,-30.70155334472656,10.45895385742188,-1,2,2451
2025-11-20T22:18:43.581+01:00,4321,630485.8460553751,0.4496590497870319,-0.0940744268069228,0.0795645348304444,-0.3949757516384125,-0.1155842393636703,0.1388922035694122,-0.7867118120193481,0.3693269193172455,-0.0027606487274169,XArbitraryCorrectedZVertical,-0.0492022428494398,0.0369432935370264,-0.2206943937321258,-0.9734004384118184,0.918379843235016,-0.3937866985797882,-0.0388653837144374,37.39764404296875,-31.11994934082031,9.768707275390623,-1,2,2452
2025-11-20T22:18:43.616+01:00,4322,630485.880972375,0.4551153514803608,-0.0973363808643738,0.0679300528416723,-0.2281487435102463,-0.0520217567682266,0.2365357279777527,-0.8081106543540955,0.4136938452720642,-0.0063260830938816,XArbitraryCorrectedZVertical,-0.0440127003811604,0.0397155597851956,-0.2235922743517698,-0.9728783402277624,0.9156699776649476,-0.3993048071861267,-0.0458742380142211,38.185546875,-31.74578857421875,9.80322265625,-1,2,2453
2025-11-20T22:18:43.651+01:00,4323,630485.915888375,0.4626687462913847,-0.0991680918706123,0.0623857078788337,-0.060266375541687,-0.0634791925549507,0.1716116368770599,-0.9064905047416688,0.4462568163871765,0.0357184447348117,XArbitraryCorrectedZVertical,-0.041677958796266,0.0410781085112631,-0.2273787668635749,-0.9720464980122784,0.9123650789260864,-0.4064313173294067,-0.0490241684019565,38.8031005859375,-32.31645202636719,9.432647705078123,-1,2,2454
2025-11-20T22:18:43.691+01:00,4324,630485.950804375,0.4674805506837892,-0.1035986220209136,0.061632864328975,0.0403355583548545,-0.1573790609836578,0.1141800284385681,-0.9358363151550292,0.5350631475448608,0.0178172029554843,XArbitraryCorrectedZVertical,-0.0419200680087034,0.0432173511882077,-0.2296452894278783,-0.9714103290282168,0.9101709723472596,-0.410841315984726,-0.0528972260653972,39.54388427734375,-32.4874267578125,9.216323852539062,-1,2,2455
2025-11-20T22:18:43.721+01:00,4325,630485.9857213751,0.4749180891959122,-0.0977994900672739,0.0606234044763125,0.1045557335019112,0.8413564562797546,0.2440551370382309,-0.0744664669036865,0.0574034750461578,-0.334209680557251,XArbitraryCorrectedZVertical,-0.0409144028871282,0.0403660774266923,-0.233404774628243,-0.9706795440706132,0.9073826670646667,-0.4176329374313354,-0.0473211146891117,39.96881103515625,-32.25003051757812,9.32763671875,-1,2,2456
2025-11-20T22:18:43.755+01:00,4326,630486.0206373751,0.4634356231180931,-0.0760749576006005,0.0745948664008289,0.8319243788719177,-0.2038096487522125,-0.7918999791145325,1.329582333564758,-0.5094696283340454,-0.2662615180015564,XArbitraryCorrectedZVertical,-0.0449930466533158,0.0284290297170475,-0.2279439137068379,-0.9722186153220592,0.9133223295211792,-0.4065916836261749,-0.0229230746626853,40.67633056640625,-31.5306396484375,10.39610290527344,-1,2,2457
2025-11-20T22:18:43.790+01:00,4327,630486.055554375,0.4533755212285969,-0.071975513629952,0.0959254957021125,0.3952253460884094,0.2712836265563965,0.1901781558990479,1.179417371749878,0.0490741729736328,-0.0716477036476135,XArbitraryCorrectedZVertical,-0.0547647618932665,0.0242505865723523,-0.2226665458652806,-0.973053067622604,0.9180251359939576,-0.3963488638401031,-0.0117110693827271,41.69207763671875,-30.74526977539062,10.8577880859375,-1,2,2458
2025-11-20T22:18:43.825+01:00,4328,630486.090470375,0.4388232986378423,-0.0686167875667474,0.1104147173486953,0.281553328037262,-0.1219203621149063,-0.935238480567932,0.7849416732788086,-0.2327370047569275,-0.0590909123420715,XArbitraryCorrectedZVertical,-0.0612793102277613,0.0214252872415928,-0.2153485624259276,-0.9743770890439214,0.9240578413009644,-0.3822226226329803,-0.0047671645879745,42.69049072265625,-30.28668212890625,11.35577392578125,-1,2,2459
2025-11-20T22:18:43.860+01:00,4329,630486.125387375,0.4138396466432976,-0.0708603223147404,0.1228759663604955,0.4163703322410583,-0.0251831710338592,-0.3979105651378632,0.6187555193901062,0.1622663140296936,-0.1729243397712708,XArbitraryCorrectedZVertical,-0.0673156295427896,0.021995359390016,-0.202801566042382,-0.9766556449410674,0.9335209131240844,-0.3584789931774139,-0.0055882334709167,43.72564697265625,-29.1114501953125,11.69720458984375,-1,2,2460
2025-11-20T22:18:43.895+01:00,4330,630486.160303375,0.4035525919743712,-0.064597757341935,0.1379387584556863,0.3574707508087158,0.1613443195819855,-0.2571514844894409,0.0679065585136413,0.2570733726024628,-0.0006661410443484,XArbitraryCorrectedZVertical,-0.0739378650181476,0.0177588969707353,-0.1976488209129479,-0.9773192352750226,0.937479853630066,-0.3480157554149628,0.0040840972214937,44.69573974609375,-29.00875854492188,12.09977722167969,-1,2,2461
2025-11-20T22:18:43.931+01:00,4331,630486.1952193751,0.3988276314750235,-0.0617859326863297,0.1510058130952857,0.3937267959117889,0.0146785154938697,-0.0351248383522033,-0.3348078727722168,0.2889210879802704,0.0694540739059448,XArbitraryCorrectedZVertical,-0.0800024052174952,0.0152542888265878,-0.1951524110764969,-0.9773856028230448,0.9393611550331116,-0.3427693545818329,0.0104867536574602,45.2044677734375,-28.61100769042969,12.3399658203125,-1,2,2462
2025-11-20T22:18:43.971+01:00,4332,630486.2301363751,0.4049863387951997,-0.0622909241037435,0.1620941051370669,0.2382599115371704,-0.0417789556086063,0.2884391844272614,-0.4982417225837708,0.3549708724021912,0.1568273305892944,XArbitraryCorrectedZVertical,-0.0855079352896022,0.0141302261593805,-0.1978852546239895,-0.9763862250862116,0.937496304512024,-0.3476771116256714,0.0148645397275686,45.55035400390625,-28.67935180664062,12.72830200195312,-1,2,2463
2025-11-20T22:18:44.000+01:00,4333,630486.265052375,0.4146745107158515,-0.0689440767259254,0.16738967936302,0.0855276808142662,-0.2166857123374939,0.2616419196128845,-0.6360673904418945,0.3275721073150635,0.1396045684814453,XArbitraryCorrectedZVertical,-0.0888281234956343,0.0164103324324999,-0.2021930001057174,-0.9751708424319636,0.9343308210372924,-0.3561975359916687,0.0122050512582063,45.76690673828125,-28.91934204101562,12.44351196289062,-1,2,2464
2025-11-20T22:18:44.035+01:00,4334,630486.299969375,0.4272024010035115,-0.0793031033666912,0.1676959304097007,-0.0010010530240833,-0.2679241597652435,0.4376744329929352,-0.5296983122825623,0.2418248653411865,0.0774135589599609,XArbitraryCorrectedZVertical,-0.0901557445904519,0.0208648004846586,-0.2078253714641771,-0.9737788575435372,0.9299516081809998,-0.3676488101482391,0.0049380846321582,45.8017578125,-29.42845153808594,12.37702941894531,-1,2,2465
2025-11-20T22:18:44.070+01:00,4335,630486.334885375,0.4420621460630703,-0.092449185495505,0.1642839116173528,-0.1363645792007446,-0.3574628829956055,0.3742152750492096,-0.5448364019393921,0.2280609905719757,0.0756616592407226,XArbitraryCorrectedZVertical,-0.0900643042701863,0.0269629739824455,-0.2145639946080952,-0.9721747946685404,0.9243683218955994,-0.3814576268196106,-0.0057764598168432,45.81353759765625,-29.11082458496094,11.95115661621094,-1,2,2466
2025-11-20T22:18:44.104+01:00,4336,630486.3698023751,0.455714713868268,-0.1086032580397331,0.156423935247247,-0.2673915922641754,-0.3544380068778992,0.5241203308105469,-0.4929665923118591,0.3121186494827271,0.0507502555847168,XArbitraryCorrectedZVertical,-0.0882232814582216,0.0350871113653156,-0.2207372779011007,-0.97070110532388,0.918671488761902,-0.3944550156593323,-0.0211634710431098,45.7110595703125,-29.66494750976562,10.9488525390625,-1,2,2467
2025-11-20T22:18:44.140+01:00,4337,630486.4047180417,0.4683593784052779,-0.1051895479643961,0.1380114300133956,-0.382502406835556,0.4044243693351746,-0.3091937899589539,0.9445898532867432,-0.6561314463615417,-0.1712547540664673,XArbitraryCorrectedZVertical,-0.079145908191422,0.0350363055909033,-0.227646930060575,-0.9698893129885424,0.913015067577362,-0.407268762588501,-0.023142235353589,45.1492919921875,-30.17497253417969,10.32090759277344,-1,2,2468
2025-11-20T22:18:44.174+01:00,4338,630486.4396340417,0.451371087113727,-0.114529729579647,0.1389689058504502,-0.2235755026340485,-0.2028759568929672,0.4570863246917725,0.5159441828727722,0.1049124896526337,-0.005528450012207,XArbitraryCorrectedZVertical,-0.0803334990854445,0.0401366972082207,-0.2189957831274987,-0.9715845281131108,0.91940438747406,-0.3918234705924988,-0.0342054478824138,45.831787109375,-29.56517028808594,9.69293212890625,-1,2,2469
2025-11-20T22:18:44.212+01:00,4339,630486.4745510417,0.478329173787457,-0.1053230372621152,0.1361917971596566,0.0840797126293182,0.6492501497268677,-0.0684066340327262,0.0596473217010498,-0.134713888168335,0.0159316044300794,XArbitraryCorrectedZVertical,-0.0784552446289319,0.0349239060857187,-0.2325347366981477,-0.968789351599743,0.908919632434845,-0.4163725674152374,-0.0223403573036193,45.5323486328125,-30.24345397949219,9.988479614257812,-1,2,2470
2025-11-20T22:18:44.246+01:00,4340,630486.5094670417,0.4542458703886614,-0.0965509884354653,0.1367703616075446,-0.1632450073957443,-0.1147665232419968,-0.7656540274620056,1.079641580581665,-0.3638485670089722,0.0769592523574829,XArbitraryCorrectedZVertical,-0.0773402696951199,0.0315388050580442,-0.2211744437090863,-0.9716510478301156,0.9186800122261048,-0.3945895731449127,-0.0180603712797164,46.12640380859375,-29.41445922851562,10.46321105957031,-1,2,2471
2025-11-20T22:18:44.279+01:00,4341,630486.5443840417,0.4467907001512255,-0.0912776186997355,0.1302127892154121,-0.1722190678119659,0.2565281689167023,0.1724390387535095,0.4523550868034363,0.1213693022727966,0.0231891255825758,XArbitraryCorrectedZVertical,-0.0734636282820693,0.0299964216337823,-0.2179477972421815,-0.9727292589765456,0.9213937520980836,-0.3882607817649841,-0.0169482734054327,46.77069091796875,-28.99226379394531,10.10621643066406,-1,2,2472
2025-11-20T22:18:44.314+01:00,4342,630486.5793000417,0.4483958650593931,-0.0871331396856327,0.1194940342193691,-0.4009552597999573,0.002708971267566,0.0486261025071144,0.083794355392456,0.1744949221611023,0.105809211730957,XArbitraryCorrectedZVertical,-0.0678273877114256,0.0291242909576737,-0.2191816301824638,-0.9728878583100858,0.9204782247543336,-0.3904220759868622,-0.0170488413423299,46.91754150390625,-29.77955627441406,9.8021240234375,-1,2,2473
2025-11-20T22:18:44.349+01:00,4343,630486.6142170418,0.4499738463382912,-0.0869394969792829,0.1083697021095709,-0.2231188267469406,0.0968388691544532,0.0533921681344509,-0.0618901848793029,0.0466847121715545,-0.0460409522056579,XArbitraryCorrectedZVertical,-0.0624240587270005,0.0302277009169752,-0.2202615636800103,-0.9729719194417454,0.9194951057434082,-0.3925403952598572,-0.0209909789264202,47.42608642578125,-29.93003845214844,9.3238525390625,-1,2,2474
2025-11-20T22:18:44.384+01:00,4344,630486.6491330417,0.4457542454257137,-0.0823916019744508,0.0990157462057325,-0.3620720505714417,0.0408590175211429,-0.2540842294692993,-0.2497949004173279,0.1638598740100861,0.0521786212921142,XArbitraryCorrectedZVertical,-0.0573146945040721,0.0291869720571134,-0.2185906532644336,-0.9736947162171582,0.9209070205688475,-0.3892169594764709,-0.0209897030144929,47.82958984375,-29.89382934570312,9.31988525390625,-1,2,2475
2025-11-20T22:18:44.419+01:00,4345,630486.6840490417,0.4338239923258358,-0.0806348049372682,0.0871330006290819,-0.3334459066390991,0.0646319761872291,-0.2968448102474213,-0.2715023756027222,0.1742652356624603,-0.0127895455807447,XArbitraryCorrectedZVertical,-0.0511639008518202,0.029959034937246,-0.2131217547134569,-0.9752250160128442,0.9250972867012024,-0.3788855075836182,-0.0253116954118013,48.50439453125,-29.46847534179688,8.645843505859375,-1,2,2476
2025-11-20T22:18:44.454+01:00,4346,630486.7189660417,0.4255012350045226,-0.0772189982393134,0.0767368448175096,-0.3014840185642242,0.0354079753160476,-0.1947271972894669,-0.2077038288116455,0.1497566103935242,0.0156213659793138,XArbitraryCorrectedZVertical,-0.045610563616711,0.0296084174116655,-0.2093893848045932,-0.9763191371341602,0.9279643297195436,-0.3716956377029419,-0.0269129388034343,48.8836669921875,-29.81922912597656,8.229751586914062,-1,2,2477
2025-11-20T22:18:44.491+01:00,4347,630486.7538820417,0.4161590725891799,-0.0763443205734307,0.0687416225426801,-0.1664242446422577,0.0066062174737453,-0.2996166348457336,-0.2558966279029846,0.1385449171066284,-0.0173634868115186,XArbitraryCorrectedZVertical,-0.0414773811605109,0.0302238471300177,-0.2050256915101391,-0.9774101528004516,0.9311590194702148,-0.3633831143379211,-0.0299235638231039,49.697265625,-29.40682983398438,8.111724853515625,-1,2,2478
2025-11-20T22:18:44.523+01:00,4348,630486.7887990416,0.4041784371551134,-0.074979236489221,0.0671686097747156,-0.0031294280197471,0.0179283265024423,-0.3752889335155487,-0.1858712434768677,0.0917979180812835,-0.0257980860769748,XArbitraryCorrectedZVertical,-0.0403903211067807,0.0299624521440072,-0.1992293999912863,-0.9786616590539784,0.935398280620575,-0.3522959649562836,-0.0302932783961296,50.1451416015625,-28.75901794433594,7.73297119140625,-1,2,2479
2025-11-20T22:18:44.559+01:00,4349,630486.8237150417,0.3918749167475488,-0.0738053052721521,0.0689049703556365,0.0394334457814693,0.0068501294590532,-0.2821312248706818,-0.0864844322204589,0.0988862812519073,0.0025475621223449,XArbitraryCorrectedZVertical,-0.0409421086819005,0.0294653224759561,-0.1931915991405449,-0.979863590624376,0.9396948218345642,-0.3407227694988251,-0.0296930260956287,50.895751953125,-28.44943237304688,7.720626831054688,-1,2,2480
2025-11-20T22:18:44.593+01:00,4350,630486.8586310417,0.3862434863569217,-0.072318890816091,0.0704754155808697,0.0363294146955013,0.0617146976292133,-0.0620425790548324,-0.017541229724884,0.0662740767002105,0.0040724277496337,XArbitraryCorrectedZVertical,-0.0414869060802111,0.028700353138346,-0.1904290552016477,-0.9804039473389428,0.9416592121124268,-0.3353780508041382,-0.028272932395339,51.16241455078125,-27.90321350097656,7.637786865234375,-1,2,2481
2025-11-20T22:18:44.628+01:00,4351,630486.8935480417,0.386105772012573,-0.0687952883677821,0.0727333223700875,0.0912365093827247,0.1403344422578812,0.0223635025322437,-0.0112783312797546,0.0435625314712524,-0.0038184486329555,XArbitraryCorrectedZVertical,-0.0422558361052496,0.0267581727180238,-0.1903885130551028,-0.980433902182148,0.94185072183609,-0.3351579308509827,-0.0242119822651147,51.26507568359375,-27.54786682128906,7.862899780273438,-1,2,2482
2025-11-20T22:18:44.663+01:00,4352,630486.9284640417,0.3871751428705678,-0.0636344674719574,0.0768553007533101,0.1502036303281784,0.1402095109224319,0.0323659777641296,0.0126958489418029,0.0083698034286499,0.0083203315734863,XArbitraryCorrectedZVertical,-0.0437969411127835,0.0238074073605314,-0.1909420221259283,-0.9803348046887044,0.9416956305503844,-0.3359912037849426,-0.0178723391145467,51.3626708984375,-27.46743774414062,8.238128662109375,-1,2,2483
2025-11-20T22:18:44.698+01:00,4353,630486.9633810417,0.3891405279059943,-0.0594939142993518,0.0830801830147056,0.2088746875524521,0.0996392592787742,0.0212075747549533,-0.0058657526969909,-0.0007525980472564,0.0295615196228027,XArbitraryCorrectedZVertical,-0.0464721351154636,0.0211304754853324,-0.1918808282242111,-0.980089549902555,0.9412294030189514,-0.3375652134418488,-0.0116935204714536,51.169921875,-27.10014343261719,8.609756469726562,-1,2,2484
2025-11-20T22:18:44.733+01:00,4354,630486.9982970417,0.3857249321636907,-0.0542268068323227,0.0904940493728621,0.2404424697160721,0.2024881094694138,-0.3368214964866638,0.1688674092292786,-0.1248808205127716,0.0255256295204162,XArbitraryCorrectedZVertical,-0.0495675050843365,0.0179139081995419,-0.1901990294404604,-0.9803297923999574,0.9425522089004515,-0.3340272009372711,-0.004590637050569,51.2244873046875,-26.75288391113281,9.140548706054688,-1,2,2485
2025-11-20T22:18:44.772+01:00,4355,630487.0332130417,0.3707640139932294,-0.0517570585151371,0.101990367863074,0.2540040016174316,-0.1383040845394135,-0.4003949165344238,0.2865793704986572,-0.0913900434970855,0.0742796659469604,XArbitraryCorrectedZVertical,-0.0548461791659592,0.0160069088005002,-0.1827243882648115,-0.9815027115802412,0.9476125240325928,-0.3194222748279572,-0.0001220073463628,52.90252685546875,-25.69683837890625,9.763046264648438,-1,2,2486
2025-11-20T22:18:44.803+01:00,4356,630487.0681300417,0.3609771121004755,-0.0570638864117846,0.1073577139735788,0.0252159815281629,-0.1828081905841827,-0.2653513550758362,-0.0176728367805481,0.0927989184856414,0.0490585565567016,XArbitraryCorrectedZVertical,-0.0578737625290454,0.0183968858872901,-0.1776729257586027,-0.982214188946994,0.950747847557068,-0.3099314868450165,-0.0046097538433969,53.3359375,-25.04670715332031,9.585830688476562,-1,2,2487
2025-11-20T22:18:44.838+01:00,4357,630487.1030460417,0.3496359784391142,-0.0605664278593117,0.1078956751762196,0.0224825646728277,-0.0789975896477699,-0.32929927110672,0.1101170182228088,0.0921941399574279,-0.0723373889923095,XArbitraryCorrectedZVertical,-0.0583341227975285,0.0203994693931509,-0.1719884461093745,-0.9831586849599612,0.9541530013084412,-0.2991795539855957,-0.0091445613652467,53.7431640625,-24.17156982421875,8.921768188476562,-1,2,2488
2025-11-20T22:18:44.873+01:00,4358,630487.1379630417,0.3378022133296903,-0.059720433451076,0.1110070641800038,0.0787036120891571,0.0424931719899177,-0.3712160587310791,0.0589973330497741,0.1032891571521759,-0.081815481185913,XArbitraryCorrectedZVertical,-0.0596722577853259,0.0200644606097958,-0.1661328272203639,-0.9840917545082832,0.9576499462127686,-0.2877983450889587,-0.0088675022125244,54.82476806640625,-23.49783325195312,9.090072631835938,-1,2,2489
2025-11-20T22:18:44.908+01:00,4359,630487.1728790418,0.3244452817462442,-0.0555251399712205,0.1138320117088018,0.0663882717490196,0.0948514193296432,-0.3675662875175476,0.0836458802223205,0.1210575997829437,-0.0728967785835266,XArbitraryCorrectedZVertical,-0.0605929374157655,0.0181660704904579,-0.1596300374055086,-0.9851481296983828,0.9614438414573668,-0.2749424576759338,-0.0057012480683624,55.09307861328125,-22.56399536132812,9.286514282226562,-1,2,2490
2025-11-20T22:18:44.942+01:00,4360,630487.2077950417,0.3152138490904717,-0.0514618399967754,0.1176848764910296,0.1192291453480721,0.0906406715512275,-0.1806617379188538,0.0706502795219421,0.1276970505714417,-0.0705559849739074,XArbitraryCorrectedZVertical,-0.0620915380160648,0.0161379785977362,-0.1551374486536763,-0.9858076275501888,0.9639872908592224,-0.2659416794776917,-0.0019080331549048,55.3773193359375,-21.87094116210938,9.354385375976562,-1,2,2491
2025-11-20T22:18:44.978+01:00,4361,630487.2427120417,0.3089259485847105,-0.0471719450650224,0.1227580131253584,0.1508833765983582,0.1191573068499565,-0.2087571620941162,-0.0909799933433532,0.1395197212696075,-0.0474318265914917,XArbitraryCorrectedZVertical,-0.0642148360171538,0.013824546445282,-0.1520876487958311,-0.986181863472232,0.965690016746521,-0.2596826255321503,0.0027540917508304,55.48687744140625,-21.22850036621094,9.743576049804688,-1,2,2492
2025-11-20T22:18:45.012+01:00,4362,630487.2776280417,0.301101358065557,-0.0406103468478306,0.1292498497766681,0.1947524845600128,0.1887174695730209,-0.2559238970279694,-0.0814660191535949,0.102778434753418,-0.0386794805526733,XArbitraryCorrectedZVertical,-0.0668751605863058,0.0103483377851314,-0.1483422874686855,-0.986618027376688,0.967711627483368,-0.2518720030784607,0.0097183370962738,56.08648681640625,-20.73384094238281,10.27949523925781,-1,2,2493
2025-11-20T22:18:45.051+01:00,4363,630487.3125450417,0.2911990442377037,-0.0321840402289896,0.1358406744158135,0.141279011964798,0.2089635878801346,-0.2984496355056763,-0.0967727303504943,0.0978074222803115,0.0035754423588514,XArbitraryCorrectedZVertical,-0.0694705691379239,0.0060389394690789,-0.143651843645279,-0.9871683795458231,0.9700940847396852,-0.2420486956834793,0.018153004348278,56.32568359375,-19.88352966308594,10.52450561523438,-1,2,2494
2025-11-20T22:18:45.082+01:00,4364,630487.3474610418,0.2819492185039125,-0.0245730975111351,0.1388913453489868,0.0132913729175925,0.1399368345737457,-0.2331092804670334,-0.0198525786399841,0.106422945857048,0.0175645351409912,XArbitraryCorrectedZVertical,-0.070418453517215,0.0023859302916108,-0.1393147756878328,-0.987738336194114,0.9721536040306092,-0.2330098301172256,0.0249769017100334,56.678955078125,-19.26084899902344,11.1932373046875,-1,2,2495
2025-11-20T22:18:45.117+01:00,4365,630487.3823770417,0.2736850238149332,-0.0195386736467833,0.136949325342059,-0.131018191576004,0.09917663782835,-0.2736049890518188,-0.0573955178260803,0.1171890497207642,0.0112518016248941,XArbitraryCorrectedZVertical,-0.0691078587969874,0.0003218903154941,-0.135427486013818,-0.9883740512163596,0.9739145040512084,-0.2251449078321457,0.0282836873084306,56.58966064453125,-18.69837951660156,11.2554931640625,-1,2,2496
2025-11-20T22:18:45.152+01:00,4366,630487.4172940417,0.2606247303350662,-0.0146709543255546,0.1309032050398976,-0.2154542207717896,0.0745754539966583,-0.445848286151886,0.0073890686035156,0.1025618314743042,-0.0027211941778659,XArbitraryCorrectedZVertical,-0.0657997444212776,-0.0012410914154844,-0.1291864429491457,-0.9894340023339798,0.9766348600387572,-0.2128065377473831,0.0299580637365579,56.52166748046875,-17.97477722167969,11.1741943359375,-1,2,2497
2025-11-20T22:18:45.187+01:00,4367,630487.4522100417,0.2424274261080237,-0.0092152302872923,0.1232386570767417,-0.2175691425800323,0.0979337617754936,-0.5736419558525085,0.0989734530448913,0.0850497335195541,-0.0398998297750949,XArbitraryCorrectedZVertical,-0.0616839332240367,-0.0028809266974081,-0.1204046805640585,-0.9908024671255072,0.9802043437957764,-0.1954775452613831,0.0314311422407627,56.97265625,-16.80531311035156,11.29527282714844,-1,2,2498
2025-11-20T22:18:45.222+01:00,4368,630487.4871270417,0.2228622684209966,-0.0036057464682056,0.1160437305221567,-0.1981387883424759,0.0864568874239921,-0.5151322484016418,0.0991963744163513,0.0879547446966171,-0.033040165901184,XArbitraryCorrectedZVertical,-0.0578297121167774,-0.0046597641955916,-0.1109094623801481,-0.992135652051519,0.9837045669555664,-0.176684558391571,0.0332842729985714,56.9945068359375,-15.97396850585938,11.45184326171875,-1,2,2499
2025-11-20T22:18:45.257+01:00,4369,630487.5220430417,0.2056207758410046,0.0014228291874441,0.1097530351557836,-0.1574206501245499,0.1049019619822502,-0.4859151840209961,-0.01046884059906,0.0885433107614517,-0.0133812390267849,XArbitraryCorrectedZVertical,-0.05448643779846,-0.0063357058998782,-0.1025136548736995,-0.993218100835888,0.9864820837974548,-0.1600307077169418,0.035262256860733,57.3682861328125,-14.85029602050781,11.21287536621094,-1,2,2500
